Spectrum,Wavelength,Absolute reflectance,Uncertainty,,Metadata Spectrum,,Metadata Sample,
P024_01,400,0.014008212336311485,0.002395694311298188,,Sensor,ASD FS4,Country,Espa√±a
P024_01,401,0.014080991039750685,0.0023878675224739423,,Ilumination Source,Sun,Region,Cantabria
P024_01,402,0.014204166982795164,0.0023751506640487096,,Warm up time,13546,Cloud cover,Clear
P024_01,403,0.014289879789869349,0.0024007417656653064,,Sensor zenith angle,0,Sky conditions,Sky completely clear
P024_01,404,0.014356709998011098,0.002389903421919833,,Sensor azimuth angle,135
P024_01,405,0.014433403580077069,0.0023534109612044886,,Sensor distance,1
P024_01,406,0.014482409872423746,0.002396227867966301,,Latin name 1,Quercus suber
P024_01,407,0.014588589008013774,0.002406535189018171,,% canopy cover 1,98
P024_01,408,0.014737154506082874,0.0024044702032918535,,Phenological stage 1,Maturity
P024_01,409,0.01486082087744916,0.0024086584297632126,,Background,Artificial
P024_01,410,0.015016264356471645,0.0023998659941250567,,Visible vegetation stress,No
P024_01,411,0.015134097824571723,0.002417719726959561,,Altitude,"417,4"
P024_01,412,0.015305669074729807,0.0024466283905570443,,Latitude,"43,144593333"
P024_01,413,0.015475678342024393,0.002437288466414565,,Longitude,"-3,3765616667"
P024_01,414,0.015624082205142437,0.0024498579736040187,,Capturing software version,7
P024_01,415,0.015795362951424596,0.0024555669880854786,,GainSWIR1,106
P024_01,416,0.015978970551097343,0.002452588195400931,,GainSWIR2,68
P024_01,417,0.016112761836166643,0.0024602982713877483,,OffsetSWIR1,2074
P024_01,418,0.016263082091973375,0.0024632189912569633,,OffsetSWIR2,2081
P024_01,419,0.016434595572263844,0.002465138709078711,,Integation time,17
P024_01,420,0.01662704927827598,0.0024703670110269747,,Number internal scans,10
P024_01,421,0.016867480391154623,0.002495374557927765,,Time since last dark current,121
P024_01,422,0.01701346188957241,0.0024933589719555566,,Time since last white current,117
P024_01,423,0.017162368811616566,0.0024818315456844402,,FOV,25
P024_01,424,0.01733728618511352,0.002476438684524746,,Acquisition time,"0,57344907407"
P024_01,425,0.017538892959397357,0.002494660520487382,,Unit,Absolute reflectance
P024_01,426,0.0177096535263148,0.002511548780878837,,Environment,In situ
P024_01,427,0.017881811453576767,0.00251377631598953,,EUNIS Code,G2.11
P024_01,428,0.018056407394837812,0.0024926917040488123,,CORINE Code,"45,2"
P024_01,429,0.01822982278580769,0.0025055168966281556,,Habitat Directive Code,9330
P024_01,430,0.018404252782537888,0.0025161701379554538,
P024_01,431,0.01856130732182706,0.0025075296960913227,
P024_01,432,0.018750763384182408,0.002504853758135856,
P024_01,433,0.018928633310742234,0.0025172084877900245,
P024_01,434,0.019100177015998282,0.0025303020668349416,
P024_01,435,0.019266961441141914,0.0025320200018072955,
P024_01,436,0.019389588437131955,0.002520412846883235,
P024_01,437,0.019510344298911773,0.0025262352803398346,
P024_01,438,0.019649695897210315,0.0025430071288326194,
P024_01,439,0.019749044232280872,0.002542894705476098,
P024_01,440,0.019861133958016277,0.0025390465211325318,
P024_01,441,0.020007596694560103,0.0025349105568394656,
P024_01,442,0.02013491929444652,0.002529270604670828,
P024_01,443,0.020242997624953147,0.0025311443064523847,
P024_01,444,0.020379093755884353,0.002548940532676849,
P024_01,445,0.020502178833853035,0.0025573739709347206,
P024_01,446,0.0205699339462254,0.002541729634419476,
P024_01,447,0.02069777107225777,0.0025357250219054345,
P024_01,448,0.0208328706623323,0.0025321775209214883,
P024_01,449,0.020938898658265242,0.0025317426930459635,
P024_01,450,0.021020586356499633,0.0025379359866300926,
P024_01,451,0.02113243907636561,0.002545445941109169,
P024_01,452,0.02121759166376784,0.002544321041924525,
P024_01,453,0.02129356612913084,0.0025407437458807506,
P024_01,454,0.02136866943469548,0.002544754755790548,
P024_01,455,0.02144374357105019,0.002540566999909109,
P024_01,456,0.021511557243643255,0.0025426850793659676,
P024_01,457,0.021575329259032706,0.002558158265064991,
P024_01,458,0.021667147175389898,0.0025685553119023058,
P024_01,459,0.021711053588429525,0.0025594510904856215,
P024_01,460,0.02172366717014328,0.002548558765865794,
P024_01,461,0.02182713884288553,0.00256404230109245,
P024_01,462,0.02188766646069738,0.0025552570587489315,
P024_01,463,0.021941934968953802,0.0025581765686693986,
P024_01,464,0.021997462786047115,0.0025693259682371037,
P024_01,465,0.022053020889174473,0.0025562331218978366,
P024_01,466,0.02208417225205749,0.0025513090599630947,
P024_01,467,0.022153334613459166,0.002568826092084348,
P024_01,468,0.0221906687329726,0.002586607095843613,
P024_01,469,0.022218845934233854,0.0025604509529587012,
P024_01,470,0.022276340824605074,0.0025512812714388816,
P024_01,471,0.022313231235327784,0.002560730592928958,
P024_01,472,0.022342252298876774,0.002575019645841736,
P024_01,473,0.022415099053693002,0.0025602096473187654,
P024_01,474,0.0224838566426246,0.0025684614945381767,
P024_01,475,0.0224944603822857,0.002584526962995865,
P024_01,476,0.022547912329253655,0.0025651668760159757,
P024_01,477,0.022591999115365247,0.002573414616273572,
P024_01,478,0.022647823894136384,0.0025846438893688834,
P024_01,479,0.022679252574296,0.0025758872742344965,
P024_01,480,0.022737853102639163,0.0025769273422704816,
P024_01,481,0.02283916721416025,0.0025717175083176495,
P024_01,482,0.022913949696130337,0.0025700658906668327,
P024_01,483,0.02289010484159564,0.0025813031543748316,
P024_01,484,0.022953086890029267,0.0025889234696607455,
P024_01,485,0.023014234569374497,0.0025939135387642804,
P024_01,486,0.023032413380372707,0.0025919468424249275,
P024_01,487,0.023128338000930265,0.0025891238056609525,
P024_01,488,0.023217159163347805,0.0025810335202356843,
P024_01,489,0.02332237392546763,0.002583344239885663,
P024_01,490,0.023426266929700772,0.0025951917723654495,
P024_01,491,0.023533004672771488,0.0025940162639478824,
P024_01,492,0.02360126499220194,0.0025991695015933525,
P024_01,493,0.023722762667520728,0.0026067550441895007,
P024_01,494,0.023847982218419588,0.0025941964900938748,
P024_01,495,0.02393750590762861,0.0025850847041057807,
P024_01,496,0.024076254658525406,0.002590527277038885,
P024_01,497,0.0242624561144786,0.0025999115148572617,
P024_01,498,0.024423231831156644,0.002588603482084803,
P024_01,499,0.024604325478564056,0.002597297906808548,
P024_01,500,0.024802349981749777,0.0026098883241587887,
P024_01,501,0.025014446455374286,0.002610168766211394,
P024_01,502,0.02527815256352065,0.0026027992797427813,
P024_01,503,0.02554687987270049,0.0025895299674443353,
P024_01,504,0.02585436056160702,0.002586079564227976,
P024_01,505,0.02613358926949073,0.002593237183395441,
P024_01,506,0.02647729359525593,0.0026070174085937536,
P024_01,507,0.026835220360482692,0.0026034858215281355,
P024_01,508,0.02721211893347888,0.0025833553138295984,
P024_01,509,0.027662231352762218,0.0025706644982589175,
P024_01,510,0.02814320895139774,0.002576908589996432,
P024_01,511,0.02865850808075727,0.00257616227674478,
P024_01,512,0.029187505101657667,0.00255588766737903,
P024_01,513,0.029822368278577194,0.002568279363845841,
P024_01,514,0.03043339230502043,0.0025621712350299766,
P024_01,515,0.031118842159509625,0.002552354229144421,
P024_01,516,0.031888564908184015,0.0025578837598263923,
P024_01,517,0.03266758944208885,0.0025467123183335848,
P024_01,518,0.0334860444365793,0.0025321032291290586,
P024_01,519,0.034441525580295056,0.002528268808409274,
P024_01,520,0.035356132524906186,0.002522723335690173,
P024_01,521,0.03624762755797148,0.002504559308149919,
P024_01,522,0.037159531187511086,0.002482235182610482,
P024_01,523,0.038061152361025384,0.0024639892382051936,
P024_01,524,0.03894318914439714,0.002462011122788207,
P024_01,525,0.039886958292510315,0.0024587516279306596,
P024_01,526,0.04074857618188652,0.002445224783467833,
P024_01,527,0.04166817337779824,0.0024390251723010606,
P024_01,528,0.04257531291795513,0.0024395246059071736,
P024_01,529,0.04341315920648522,0.002431961117659692,
P024_01,530,0.04421415874930585,0.002418724399925442,
P024_01,531,0.044917587242750995,0.0024112339498171716,
P024_01,532,0.045525022937533355,0.0024114882404542804,
P024_01,533,0.04620884510400244,0.0024187666208246947,
P024_01,534,0.046792821879631054,0.002414550861333131,
P024_01,535,0.04738007019635001,0.0024018352929468163,
P024_01,536,0.04797795918868302,0.0023983847347660413,
P024_01,537,0.048436794438615864,0.0023974242377914684,
P024_01,538,0.04894713497236902,0.0024005896548385873,
P024_01,539,0.04936427610000541,0.0024054032867667947,
P024_01,540,0.04973118737234521,0.002411551217549507,
P024_01,541,0.050161089346421085,0.0024164845581779062,
P024_01,542,0.05057300640792812,0.0024018128198045924,
P024_01,543,0.050972410342365805,0.0024008852162251577,
P024_01,544,0.05136201852234374,0.002407427828032356,
P024_01,545,0.05179580172407713,0.002411179635124261,
P024_01,546,0.052106639164133134,0.002408666244018936,
P024_01,547,0.05246947041956115,0.0024112080449171223,
P024_01,548,0.05287502144771041,0.002421956867601069,
P024_01,549,0.053137873019271115,0.002434275386035235,
P024_01,550,0.05343996794060408,0.0024457765376012996,
P024_01,551,0.05369675063216189,0.0024429777074050857,
P024_01,552,0.053893207419481136,0.002429237333123817,
P024_01,553,0.05405125005807221,0.0024302464977954824,
P024_01,554,0.054204675926189404,0.002433269712950075,
P024_01,555,0.05418041950174052,0.0024363546885024755,
P024_01,556,0.054142855484759694,0.002454203160996331,
P024_01,557,0.054053415069755896,0.0024728449000129245,
P024_01,558,0.05390353977220327,0.0024865345694401455,
P024_01,559,0.05376229291812425,0.0024963586493238835,
P024_01,560,0.05349788757594942,0.0024976089989227,
P024_01,561,0.05323989238042535,0.002505472725657558,
P024_01,562,0.05299458427675809,0.002515747369831607,
P024_01,563,0.0526096376115864,0.0025158237007356942,
P024_01,564,0.05224827538455307,0.0025100343441849726,
P024_01,565,0.051826798413647714,0.002504715714334753,
P024_01,566,0.051368164766968816,0.002502098049756333,
P024_01,567,0.05091038682830431,0.0025019981642978853,
P024_01,568,0.05049285516810378,0.002508771741814366,
P024_01,569,0.05000293147077811,0.002518148365121181,
P024_01,570,0.04943534091135432,0.0025309483128456425,
P024_01,571,0.04889317241943277,0.0025538623586836063,
P024_01,572,0.04837858001529723,0.0025784166037288907,
P024_01,573,0.04788211871929702,0.002592100067355925,
P024_01,574,0.047388370993862554,0.0025912037557629082,
P024_01,575,0.046962060976729704,0.0025998965951511614,
P024_01,576,0.04650282208288096,0.002606891007903915,
P024_01,577,0.04614360847770427,0.0026123021620503774,
P024_01,578,0.04584989215665678,0.0026085184402427405,
P024_01,579,0.04552211674790572,0.002601829327179575,
P024_01,580,0.04527365283645527,0.002599048483471346,
P024_01,581,0.04503800989993709,0.00260289719262008,
P024_01,582,0.04476616256260885,0.0026269103758568275,
P024_01,583,0.04459667483004485,0.002645522858063682,
P024_01,584,0.044391329381339606,0.002661100051700932,
P024_01,585,0.04419422839623808,0.002688856340804209,
P024_01,586,0.04400627028956191,0.0027083159499969186,
P024_01,587,0.04384499967952372,0.002717684291323491,
P024_01,588,0.043682601110377445,0.0027099111839320226,
P024_01,589,0.04347515929455573,0.002680637572785393,
P024_01,590,0.04337367248718497,0.002688188876016848,
P024_01,591,0.04321646859485708,0.0026889951562170155,
P024_01,592,0.04314591244591104,0.002676678690597199,
P024_01,593,0.042986809019516396,0.002672537347730305,
P024_01,594,0.04289115403925153,0.0026718191651884863,
P024_01,595,0.042831029419587614,0.002674579638847233,
P024_01,596,0.042808279147388495,0.002680747983388868,
P024_01,597,0.042779511131128996,0.0026523172917767724,
P024_01,598,0.042754719483865174,0.002639942237048442,
P024_01,599,0.04277844442463644,0.0026589704096168813,
P024_01,600,0.04275444152444701,0.002681463756077594,
P024_01,601,0.04264395770816241,0.002693889369442057,
P024_01,602,0.042573777836768134,0.002702328586194682,
P024_01,603,0.042559099945082314,0.002710994825134008,
P024_01,604,0.042444219047149734,0.0027207975774517223,
P024_01,605,0.04223935060172574,0.002721250108687874,
P024_01,606,0.04205514091776899,0.0027217212716209417,
P024_01,607,0.04191442310715248,0.0027303678294985784,
P024_01,608,0.041642427655327025,0.002731786826940757,
P024_01,609,0.041394605153767104,0.002734402888013632,
P024_01,610,0.04117814027615038,0.0027351584556145306,
P024_01,611,0.040850090139877566,0.0027195419960072053,
P024_01,612,0.04060546849189339,0.0027103959021969374,
P024_01,613,0.04036314189933681,0.00270854666440155,
P024_01,614,0.04009353937551869,0.002715877201604835,
P024_01,615,0.039862230192375094,0.002738745595463139,
P024_01,616,0.039677089345506705,0.0027469403791630705,
P024_01,617,0.03942729700819347,0.0027398502702593946,
P024_01,618,0.03925809450816511,0.002749836455093291,
P024_01,619,0.03908881002175607,0.0027432339906690198,
P024_01,620,0.0389491438587477,0.0027301125615960464,
P024_01,621,0.03888686297978965,0.0027291466389136156,
P024_01,622,0.038795621920656366,0.002752351103114407,
P024_01,623,0.03870711604704084,0.002742613479129497,
P024_01,624,0.03867671000046896,0.002733547716002893,
P024_01,625,0.038640736956281334,0.0027522152471745305,
P024_01,626,0.03862624626945337,0.0027458931144504857,
P024_01,627,0.03866329550599171,0.0027425037256066085,
P024_01,628,0.038636054933848564,0.002743288773349058,
P024_01,629,0.038667405682469916,0.0027546075401942414,
P024_01,630,0.038685907312582896,0.00276644252105619,
P024_01,631,0.03870036793912373,0.0027755004044079813,
P024_01,632,0.03871786835874857,0.0027783278269410522,
P024_01,633,0.038774965898427716,0.0027718426658466483,
P024_01,634,0.0386844282234999,0.0027660603443501676,
P024_01,635,0.03863098784611056,0.002770149260624052,
P024_01,636,0.03853858647491362,0.0027705131890908966,
P024_01,637,0.03835735726037963,0.002786102579792128,
P024_01,638,0.03821337402031701,0.002792233162934565,
P024_01,639,0.03800890921145223,0.002784345537914977,
P024_01,640,0.03780515339074808,0.002797407373124651,
P024_01,641,0.037550185062914986,0.002795252820809036,
P024_01,642,0.03722489318638721,0.002785791316909683,
P024_01,643,0.036934162992060836,0.0027886121432895736,
P024_01,644,0.03670069721219659,0.0028103457155703618,
P024_01,645,0.03642040791433172,0.002802547056523552,
P024_01,646,0.03610226740222289,0.002785938014681983,
P024_01,647,0.03587804287052732,0.0028031531484009943,
P024_01,648,0.035629952196110586,0.002802924253786908,
P024_01,649,0.03538999125845037,0.0028046507944554113,
P024_01,650,0.03522589718359703,0.0028109205489393234,
P024_01,651,0.03509475326688539,0.0027963548379243714,
P024_01,652,0.034904211489137756,0.002789349263752582,
P024_01,653,0.0347933635503686,0.0027950857562392315,
P024_01,654,0.03475713886141649,0.0028041028228561974,
P024_01,655,0.03457857114852645,0.00280373736338093,
P024_01,656,0.03442140664130179,0.0028059307537717563,
P024_01,657,0.034185990010127405,0.0028038316714625693,
P024_01,658,0.034044007690629714,0.0028130030245185405,
P024_01,659,0.03374725396664129,0.0028103935875073054,
P024_01,660,0.033466000174549815,0.002801265040920053,
P024_01,661,0.0332082182989159,0.0027928542078751502,
P024_01,662,0.0330029596777229,0.0028125026487221417,
P024_01,663,0.0327444463518527,0.0028164347410114463,
P024_01,664,0.032496507927799706,0.0028009091231588974,
P024_01,665,0.032293133105707424,0.002780130165201166,
P024_01,666,0.03208424448446503,0.002805775852692552,
P024_01,667,0.031941398498091945,0.002803643123842085,
P024_01,668,0.031844777881923254,0.0027892824879168854,
P024_01,669,0.03167803350216758,0.0028096739182455715,
P024_01,670,0.0316207887957809,0.0028152828948981344,
P024_01,671,0.03163064079032027,0.0028092863264198528,
P024_01,672,0.0315919914444655,0.002794058980850808,
P024_01,673,0.03166038017466984,0.0027922089606158018,
P024_01,674,0.031707420257220946,0.0027876570740807583,
P024_01,675,0.03177724954334064,0.0027808121587075234,
P024_01,676,0.031879289903184026,0.002773947526862706,
P024_01,677,0.031973565689336396,0.0027789148881361423,
P024_01,678,0.03207274484468123,0.0027748925317531235,
P024_01,679,0.03225969140289945,0.0027726519845032043,
P024_01,680,0.032500012143302434,0.0027841600395699323,
P024_01,681,0.03277435997544969,0.0027787459221309927,
P024_01,682,0.03315646740162614,0.002769319771841684,
P024_01,683,0.03356134585691271,0.002754541454249988,
P024_01,684,0.03405879309358339,0.002738612832932159,
P024_01,685,0.03472364193190019,0.002741823041572168,
P024_01,686,0.035534001547367085,0.0027395255830347525,
P024_01,687,0.03667313933705102,0.002721762568426963,
P024_01,688,0.03780260098163298,0.0027198943874745395,
P024_01,689,0.03898050069062783,0.0027291952115213913,
P024_01,690,0.04025343068528382,0.002736806530693264,
P024_01,691,0.0417720206930283,0.002736619416021329,
P024_01,692,0.043691802225505366,0.002721178313284603,
P024_01,693,0.04581947699327473,0.002698973353324701,
P024_01,694,0.04826243889490054,0.00268261090174908,
P024_01,695,0.05114038694417992,0.0026602786402196493,
P024_01,696,0.054294488773550365,0.002668385170322518,
P024_01,697,0.05755386974925849,0.0026607703016961665,
P024_01,698,0.061168630810211816,0.0026105393123941963,
P024_01,699,0.06512708463464352,0.0025830512058376822,
P024_01,700,0.06934083129491787,0.0025640518438087845,
P024_01,701,0.07380359601279837,0.002541123550070526,
P024_01,702,0.07826464274324461,0.0025006856616062376,
P024_01,703,0.08295704564146043,0.002483155776476028,
P024_01,704,0.08751309085981536,0.002455584208802765,
P024_01,705,0.09232389586884442,0.002420861524957104,
P024_01,706,0.09705280358723813,0.002395495489128345,
P024_01,707,0.1020383254531978,0.002385279580292989,
P024_01,708,0.10684060670346836,0.0023651865269842987,
P024_01,709,0.11179954831474422,0.0023281798569831998,
P024_01,710,0.11687056094478677,0.002284587627163843,
P024_01,711,0.12209238672134703,0.0022641860196735077,
P024_01,712,0.12715027187439412,0.0022501242265696273,
P024_01,713,0.13249109743972667,0.002215456487757167,
P024_01,714,0.13800202660490432,0.0021854135521800974,
P024_01,715,0.14323074894473972,0.0021651877206306526,
P024_01,716,0.14886869070416522,0.002166380449329485,
P024_01,717,0.15447014868840223,0.002174236527091024,
P024_01,718,0.16061273509047133,0.002180702258226295,
P024_01,719,0.16687931701894296,0.0021617168704777204,
P024_01,720,0.1728271094506337,0.0021242362361288607,
P024_01,721,0.17850297604065934,0.00211516708492971,
P024_01,722,0.1838981040373641,0.002116452073922401,
P024_01,723,0.1891312587335221,0.0021272271555797485,
P024_01,724,0.19535415081701812,0.002178029591357897,
P024_01,725,0.20132508309318506,0.0022225133637209606,
P024_01,726,0.20675136160043983,0.0022468918042673172,
P024_01,727,0.212387762360479,0.0022711512620563045,
P024_01,728,0.21771434021182523,0.002341393163748846,
P024_01,729,0.22277745508000568,0.0024181051920120506,
P024_01,730,0.227938243826716,0.0024769066770267273,
P024_01,731,0.2328793904393278,0.002509550940707302,
P024_01,732,0.23759772058196815,0.0025971423417153927,
P024_01,733,0.24252575846826216,0.0026871523416703478,
P024_01,734,0.24653265995681392,0.0027669823690512608,
P024_01,735,0.2505000134959063,0.0028690270076519777,
P024_01,736,0.25490726113438494,0.002919809010939012,
P024_01,737,0.2588779090308275,0.0029863426770908126,
P024_01,738,0.2623366245153893,0.0030764065439141735,
P024_01,739,0.2661771937678575,0.0030999170131010456,
P024_01,740,0.26925734000421847,0.0031820357939779213,
P024_01,741,0.27242158037475317,0.0032894514840461344,
P024_01,742,0.27517612931636276,0.00335663414611232,
P024_01,743,0.278610694534577,0.0034280779866204146,
P024_01,744,0.28126857123377946,0.003496098878383016,
P024_01,745,0.2834706620659984,0.003553449094782674,
P024_01,746,0.2861271394555446,0.003595584779594937,
P024_01,747,0.28804392079663005,0.003659965470319167,
P024_01,748,0.2903951281908869,0.003716608130924843,
P024_01,749,0.29203061774467926,0.0037339433654662905,
P024_01,750,0.2941487315539147,0.0037506668957441097,
P024_01,751,0.2955654521115246,0.003773569867185537,
P024_01,752,0.29746049906394895,0.003810044940669323,
P024_01,753,0.2989262747000013,0.003842395223363593,
P024_01,754,0.3002581512287933,0.0038902389093662037,
P024_01,755,0.3015838443529578,0.003907335424796595,
P024_01,756,0.30269513222877364,0.004004576225411301,
P024_01,757,0.30419560599513235,0.004303743287082444,
P024_01,758,0.30532703306786696,0.0045016783742537194,
P024_01,759,0.3058741792539992,0.0043026019877139355,
P024_01,760,0.3068359235509162,0.0037728757244079466,
P024_01,761,0.3093447185369101,0.003701635623907281,
P024_01,762,0.3109243425435322,0.0037369240755769674,
P024_01,763,0.3109513309201751,0.0036916728661772666,
P024_01,764,0.31075598587735764,0.0036198546265819543,
P024_01,765,0.3116310626923579,0.0037556765708207595,
P024_01,766,0.31175497598905855,0.0038989396990395104,
P024_01,767,0.312085441378615,0.003986708901730312,
P024_01,768,0.3124146946924115,0.004007264025280005,
P024_01,769,0.31279057582703246,0.004002969935054069,
P024_01,770,0.3132282724534519,0.004002627577522969,
P024_01,771,0.3136988332390926,0.0040159696781954125,
P024_01,772,0.314154781994892,0.004037189605121838,
P024_01,773,0.3146230737186559,0.004035000262807128,
P024_01,774,0.31540690484628575,0.004038181598121301,
P024_01,775,0.31585648860207155,0.004050423694936968,
P024_01,776,0.3159685271148324,0.004058386483681412,
P024_01,777,0.31637555177225263,0.004046084623726965,
P024_01,778,0.3171203786159346,0.0040348495152816456,
P024_01,779,0.3172568990649291,0.0040341836803010475,
P024_01,780,0.31768534366468654,0.004053122491723623,
P024_01,781,0.3180595109617021,0.004051663251306835,
P024_01,782,0.31842530758050946,0.004029327519058905,
P024_01,783,0.31916674964202824,0.004011131259122505,
P024_01,784,0.3192632875938029,0.004024543843558042,
P024_01,785,0.31967742718247993,0.0040568282749618495,
P024_01,786,0.3203972929139921,0.004082494676338773,
P024_01,787,0.3204363622493949,0.00407194502418631,
P024_01,788,0.32079397226588324,0.004080413787678684,
P024_01,789,0.32117052225887105,0.004070768797580113,
P024_01,790,0.3215673827214387,0.004044924384179545,
P024_01,791,0.3219503146276265,0.004082870840271852,
P024_01,792,0.3223010719889354,0.004061766416898635,
P024_01,793,0.3229803909482824,0.00403309451248386,
P024_01,794,0.32303114636944913,0.004041340624882417,
P024_01,795,0.32337990373118847,0.004019619220941053,
P024_01,796,0.3237334116016524,0.004026949486327342,
P024_01,797,0.3244453420211831,0.004048486315051348,
P024_01,798,0.3245249852043612,0.0040298593184407505,
P024_01,799,0.32481838541414415,0.004070766214428174,
P024_01,800,0.32511994846833286,0.004075066740942833,
P024_01,801,0.325479021308587,0.004031993928695745,
P024_01,802,0.32584460616714467,0.004025579219050905,
P024_01,803,0.3261601751423648,0.0040411902855200564,
P024_01,804,0.3268062698709838,0.004051192417423179,
P024_01,805,0.32716001130798383,0.00404531178335729,
P024_01,806,0.3272064593949387,0.004083699717862542,
P024_01,807,0.3278748837571384,0.00410817857422053,
P024_01,808,0.3278641506434074,0.004094547120696605,
P024_01,809,0.32822309916701303,0.004078883211352439,
P024_01,810,0.32865371426623224,0.00411381132700737,
P024_01,811,0.3291020097574489,0.00416379392674908,
P024_01,812,0.3298093232287587,0.00419763142027875,
P024_01,813,0.33002944190839884,0.00417915358874341,
P024_01,814,0.32992018352277275,0.0041242941322926375,
P024_01,815,0.3305333294698795,0.004069764411077806,
P024_01,816,0.33054222278748774,0.0040163497885768945,
P024_01,817,0.3309333772284841,0.003982631182783826,
P024_01,818,0.33139328180828403,0.004068992642857499,
P024_01,819,0.33191532859378087,0.00416907040404712,
P024_01,820,0.3323627994363519,0.004190539060890538,
P024_01,821,0.33274056886958653,0.004121158625839774,
P024_01,822,0.33267719509401467,0.003985394954782071,
P024_01,823,0.3326051625983925,0.003944307115316536,
P024_01,824,0.3333638755736954,0.0040786108557088535,
P024_01,825,0.3339372316674696,0.004134189453720743,
P024_01,826,0.3337877317317546,0.0040920836640436905,
P024_01,827,0.3341424647366135,0.004039232117872154,
P024_01,828,0.33466691246955027,0.004060820933541768,
P024_01,829,0.3346931202034216,0.004058839286015961,
P024_01,830,0.3351097873443514,0.004064383916681523,
P024_01,831,0.3357817651849657,0.0040756543981380925,
P024_01,832,0.3359550629196885,0.004067234378583113,
P024_01,833,0.33628296415178655,0.004077011542879965,
P024_01,834,0.3363404316782416,0.004072738090677501,
P024_01,835,0.3366949837745921,0.004058290742735995,
P024_01,836,0.3369383401635005,0.004065317502612995,
P024_01,837,0.33721493063381197,0.0040900090968214575,
P024_01,838,0.337535448085103,0.004108164973233217,
P024_01,839,0.33786669592108437,0.004107732441227127,
P024_01,840,0.3381503471025482,0.00411426980031243,
P024_01,841,0.33877554128145887,0.004130979290514259,
P024_01,842,0.33873520021658915,0.0041297727232267765,
P024_01,843,0.3387168033368318,0.004113461137938156,
P024_01,844,0.3393501190772586,0.004137295245725816,
P024_01,845,0.3400810213445868,0.004144406498170576,
P024_01,846,0.34014430658763617,0.004144857119798483,
P024_01,847,0.34041671462618917,0.004187410422158792,
P024_01,848,0.34101126044486213,0.004167941790910639,
P024_01,849,0.3409287451962328,0.004146071804363044,
P024_01,850,0.34158096577881786,0.004172912868091198,
P024_01,851,0.34193459508437624,0.004213922343647332,
P024_01,852,0.3418073769524062,0.004175074492824931,
P024_01,853,0.34189570202948877,0.004086471831725452,
P024_01,854,0.342389447174917,0.004014502779611785,
P024_01,855,0.34296326322682674,0.004036784853278318,
P024_01,856,0.343228440224296,0.004121443720654822,
P024_01,857,0.3432962516035709,0.004198316603410613,
P024_01,858,0.3438237178410648,0.004222477976491891,
P024_01,859,0.3436399026508285,0.0041884603167832634,
P024_01,860,0.34391040924790556,0.004173838810955414,
P024_01,861,0.34457638751759373,0.004199111470727756,
P024_01,862,0.3448456326098787,0.004244142829686004,
P024_01,863,0.3454754702224277,0.004253259230645676,
P024_01,864,0.34562297410038084,0.0042037507403828705,
P024_01,865,0.34569652913077425,0.004124738823561028,
P024_01,866,0.3455087129601167,0.0040644866528363405,
P024_01,867,0.3458555237779692,0.0041124588764457045,
P024_01,868,0.346698311053884,0.004230339779338876,
P024_01,869,0.3471578919054908,0.004302543151316877,
P024_01,870,0.34738638203507194,0.004234899111127903,
P024_01,871,0.3475837712442409,0.004249151322575242,
P024_01,872,0.34740243434535545,0.0042918906163887365,
P024_01,873,0.3475724378581064,0.004300421357209487,
P024_01,874,0.34780170227555135,0.004217139014385458,
P024_01,875,0.34842431450010397,0.004151183944395432,
P024_01,876,0.34873485038845514,0.004146571975752879,
P024_01,877,0.3486920318113021,0.0041950825136016,
P024_01,878,0.349261281209775,0.004231023479135845,
P024_01,879,0.34934741767400285,0.004291019697850256,
P024_01,880,0.34913700930495534,0.004309891428893997,
P024_01,881,0.3494396126718862,0.004260627866613658,
P024_01,882,0.34971302040737773,0.00422481794346604,
P024_01,883,0.34989123745842304,0.004200514796361199,
P024_01,884,0.3504296361111883,0.004211015211767109,
P024_01,885,0.35069082423307263,0.0042491110107504984,
P024_01,886,0.35046880923927143,0.004258684423051032,
P024_01,887,0.35067958482857114,0.004314383622261221,
P024_01,888,0.3509572870176571,0.004358302741502972,
P024_01,889,0.3512282015197026,0.004337310754610347,
P024_01,890,0.35158017723668106,0.004419630728149637,
P024_01,891,0.3518285782063564,0.004482385282647584,
P024_01,892,0.3519465043789138,0.004477702292059231,
P024_01,893,0.3520105253803159,0.004420626364567844,
P024_01,894,0.3520718313609361,0.0044053508481548525,
P024_01,895,0.35200633638117584,0.004355261134693513,
P024_01,896,0.3518705046018482,0.004249785753094666,
P024_01,897,0.35186459882099563,0.004135309569934882,
P024_01,898,0.3518784877914117,0.004162837019837755,
P024_01,899,0.35234681226159376,0.004182042265983792,
P024_01,900,0.35265063602918145,0.004126424098930005,
P024_01,901,0.35320278059755755,0.004111276344024311,
P024_01,902,0.35346437260447683,0.004319850257702687,
P024_01,903,0.354004356318741,0.0044945081283929355,
P024_01,904,0.354306244747255,0.0045272428019877764,
P024_01,905,0.35457877913232677,0.004530306400150428,
P024_01,906,0.3540054171122576,0.004412863627918517,
P024_01,907,0.35378858765028637,0.004259838760499629,
P024_01,908,0.3537131750901176,0.0041569116455101975,
P024_01,909,0.3539826082100353,0.004224069805852821,
P024_01,910,0.3543271417005574,0.004313824726125077,
P024_01,911,0.35456411479955907,0.004368470783845367,
P024_01,912,0.35462281403206003,0.004358474310759416,
P024_01,913,0.3545988071834835,0.004286286703206771,
P024_01,914,0.3549600704801097,0.004237661690173174,
P024_01,915,0.35461582110698164,0.004189974035984487,
P024_01,916,0.35469479423669686,0.0041635597912964796,
P024_01,917,0.3551294710467496,0.004231771263286949,
P024_01,918,0.3554980698082024,0.004372376867485038,
P024_01,919,0.3558351348427184,0.004500687404999686,
P024_01,920,0.35620284864867763,0.004566451259409626,
P024_01,921,0.3563187807728953,0.004620080878856412,
P024_01,922,0.3563752698346823,0.0046570851932239594,
P024_01,923,0.3564821373270058,0.004665366788767378,
P024_01,924,0.3570620102405111,0.004695355391753918,
P024_01,925,0.35704745188802756,0.0049529553345585495,
P024_01,926,0.3571570035667317,0.004905791187987359,
P024_01,927,0.35691240477619085,0.004765288525626349,
P024_01,928,0.3563644416635768,0.004917115365697017,
P024_01,929,0.3559936561013221,0.004825722809443871,
P024_01,930,0.3550647180157127,0.004569887844023754,
P024_01,931,0.3539706730725252,0.004274239173731951,
P024_01,932,0.35244455387952844,0.004002366765975984,
P024_01,933,0.35124303694176456,0.003918552179804821,
P024_01,934,0.3507149063728476,0.0038607276697189344,
P024_01,935,0.3512462096078726,0.003936102813260222,
P024_01,936,0.3526555180474908,0.004477781801201013,
P024_01,937,0.35424646529670634,0.004452052309856823,
P024_01,938,0.3550275711791688,0.0045168590442877625,
P024_01,939,0.3551145623324293,0.004779619840539673,
P024_01,940,0.3551113586755033,0.004900380972576276,
P024_01,941,0.354932618668024,0.004907457471792608,
P024_01,942,0.3541119536324178,0.004660086722414331,
P024_01,943,0.3530441691551254,0.004275128695043134,
P024_01,944,0.35252989369071996,0.004021285500959719,
P024_01,945,0.35265610926833985,0.004264193133879785,
P024_01,946,0.352703535673359,0.004505481041399733,
P024_01,947,0.3525238094071817,0.004437974546833951,
P024_01,948,0.3526159417957721,0.004258981615789154,
P024_01,949,0.3530794176768808,0.004416322649380284,
P024_01,950,0.3526295945379963,0.004315065624463334,
P024_01,951,0.351739877585245,0.004161893993476343,
P024_01,952,0.3509922746872223,0.004425258205657025,
P024_01,953,0.350652772418018,0.0042236818417370914,
P024_01,954,0.3497708330780887,0.0040817549972591485,
P024_01,955,0.349514570064182,0.004145635695728797,
P024_01,956,0.34893981844320315,0.00413514811656939,
P024_01,957,0.34853747228702403,0.004088582530125355,
P024_01,958,0.34818021060941495,0.0038663741358616038,
P024_01,959,0.3478553217901585,0.0037810934738050075,
P024_01,960,0.3474081785027729,0.004203679897718175,
P024_01,961,0.34696881504084337,0.004240322749391898,
P024_01,962,0.34686786160034305,0.004127578501619513,
P024_01,963,0.3469948020796673,0.004118667813386223,
P024_01,964,0.34705457126999245,0.004407014483679992,
P024_01,965,0.3473666358063993,0.004586583859728322,
P024_01,966,0.34752544929287343,0.004500373304749218,
P024_01,967,0.3475683901226727,0.004325293683881687,
P024_01,968,0.34774519592771164,0.00437588346489653,
P024_01,969,0.34785693310994276,0.004494550547289628,
P024_01,970,0.34781589924830847,0.004510405737168255,
P024_01,971,0.3475240494639064,0.004368258640968713,
P024_01,972,0.3469916811684303,0.0041073179816463684,
P024_01,973,0.346737461771281,0.0040998207865750765,
P024_01,974,0.34638297050716216,0.004034050756751545,
P024_01,975,0.34612449678404095,0.0038486086053171726,
P024_01,976,0.3463716419876861,0.0037044400773302982,
P024_01,977,0.3468756372240321,0.004035193394196373,
P024_01,978,0.3470591244820381,0.004137625119224238,
P024_01,979,0.3471908642604715,0.004070826854935914,
P024_01,980,0.3476855456072439,0.0041736375118930965,
P024_01,981,0.34767447078764563,0.004394038053591705,
P024_01,982,0.3478335887943773,0.004354803632224111,
P024_01,983,0.348229247324553,0.004315199461933461,
P024_01,984,0.34863090872612196,0.004553807166392786,
P024_01,985,0.34888698262341,0.0041608312299951525,
P024_01,986,0.34877299670756545,0.004107963470029315,
P024_01,987,0.34875616861421754,0.004320347623702058,
P024_01,988,0.34918189231000357,0.00437225000097942,
P024_01,989,0.3491888773109006,0.004405441367794246,
P024_01,990,0.3494917605502826,0.004466679965612224,
P024_01,991,0.34992826766972945,0.004459946022022406,
P024_01,992,0.3501802703676404,0.004369783164392923,
P024_01,993,0.3502983744791437,0.004538303712188089,
P024_01,994,0.3503268406636446,0.004454905441409406,
P024_01,995,0.3509614775065318,0.004344497234576859,
P024_01,996,0.3522036863760813,0.004366511772695664,
P024_01,997,0.3524031035455349,0.004296388486909458,
P024_01,998,0.3520749617331136,0.0043439197496847395,
P024_01,999,0.3519688473437808,0.004192429667709942,
P024_01,1000,0.35230509994497794,0.003955841477298659,
P024_01,1001,0.35230509994497794,0.003955841477298659,
P024_01,1002,0.3526794725739697,0.00395918287674025,
P024_01,1003,0.35301740670409726,0.003928552057408466,
P024_01,1004,0.35339456046709516,0.00393574005029534,
P024_01,1005,0.3537981800105545,0.003999992221548143,
P024_01,1006,0.3542086303013503,0.004009311966756853,
P024_01,1007,0.3546377416676172,0.003993524569243707,
P024_01,1008,0.3550597648995457,0.003983118765274842,
P024_01,1009,0.3554705412346217,0.003972542498316738,
P024_01,1010,0.35590179048887466,0.003971331518468915,
P024_01,1011,0.3563136582006847,0.003983831608463244,
P024_01,1012,0.35669543362653666,0.004005288470304466,
P024_01,1013,0.35711661731704863,0.004045190061184996,
P024_01,1014,0.3575529203351364,0.004098759877800153,
P024_01,1015,0.3579904209695046,0.004132124888564719,
P024_01,1016,0.3584599419620346,0.00419858431175047,
P024_01,1017,0.3588974458159189,0.004212944744302587,
P024_01,1018,0.35933474421859185,0.004149734720417562,
P024_01,1019,0.3597552330147054,0.004153577494514763,
P024_01,1020,0.3601318508051467,0.004178369557589417,
P024_01,1021,0.3605536060808225,0.004209452982661542,
P024_01,1022,0.36100321305288724,0.004277928569686707,
P024_01,1023,0.3617844996217181,0.00433658068976094,
P024_01,1024,0.3618816855656171,0.004364174245620741,
P024_01,1025,0.3623381264149887,0.004368084702896204,
P024_01,1026,0.36312034641767316,0.004345009074823828,
P024_01,1027,0.36319213922640087,0.0043170375598837575,
P024_01,1028,0.36362932438372136,0.0043283306794947496,
P024_01,1029,0.36406909455502,0.004352051009585167,
P024_01,1030,0.36486658939669536,0.004380700304359261,
P024_01,1031,0.365298610513213,0.004452164737413062,
P024_01,1032,0.3653490442507694,0.004479733332234651,
P024_01,1033,0.36575391245374417,0.004495185953052091,
P024_01,1034,0.3661577732825661,0.004502265847746564,
P024_01,1035,0.3669307061559619,0.00450868444680389,
P024_01,1036,0.36696778766402915,0.004466200538194443,
P024_01,1037,0.3673516985902345,0.0044686671697469005,
P024_01,1038,0.367728358619867,0.004482451116229242,
P024_01,1039,0.36811231368237735,0.004498785196690507,
P024_01,1040,0.3684755371733626,0.004540420272432795,
P024_01,1041,0.3688556983863549,0.004538099404218791,
P024_01,1042,0.3692235319652923,0.0045159779988592505,
P024_01,1043,0.3695533484048889,0.004492369127493631,
P024_01,1044,0.3699029158642128,0.004468202977526005,
P024_01,1045,0.3702324106064377,0.004460588809489414,
P024_01,1046,0.3705353463182696,0.00447608732223354,
P024_01,1047,0.3708438001013419,0.004470325883990057,
P024_01,1048,0.37115237810818896,0.0044732014544202935,
P024_01,1049,0.3714469058184846,0.004449083241444156,
P024_01,1050,0.37172882371107535,0.004396130900212674,
P024_01,1051,0.3720127887849358,0.004349740692210672,
P024_01,1052,0.3722909830804055,0.0043414368669479385,
P024_01,1053,0.37256021128086786,0.004338093651201363,
P024_01,1054,0.3728171304513723,0.004316901045949788,
P024_01,1055,0.37308278883770035,0.004329122186145452,
P024_01,1056,0.3733198711796199,0.004316900513560383,
P024_01,1057,0.3735445901719722,0.004296678914681313,
P024_01,1058,0.37378864608267914,0.004286392586855687,
P024_01,1059,0.3740090942403218,0.004222146480013501,
P024_01,1060,0.3742224441894139,0.004191662186345104,
P024_01,1061,0.37443896021607587,0.0041437581923496015,
P024_01,1062,0.37463936168733575,0.004120174078026082,
P024_01,1063,0.37481217302648107,0.004145284934635917,
P024_01,1064,0.3750040447393392,0.0041382297067582546,
P024_01,1065,0.37519630380506525,0.004126093427856628,
P024_01,1066,0.3753907535591712,0.004075412977297952,
P024_01,1067,0.3755958389189027,0.0040485742662401325,
P024_01,1068,0.3761544304179556,0.004036577542505614,
P024_01,1069,0.3759499175192223,0.004005756139242615,
P024_01,1070,0.3761312641747381,0.004016770665871755,
P024_01,1071,0.3763061011009599,0.004007066711019502,
P024_01,1072,0.37648976439188414,0.003972285017854024,
P024_01,1073,0.3766607254951832,0.003964720535659515,
P024_01,1074,0.3768200348329637,0.003950373244054174,
P024_01,1075,0.3769769800790947,0.0039174344098873584,
P024_01,1076,0.37711251450207867,0.0038905409084607798,
P024_01,1077,0.3776319122087399,0.0038893467557921412,
P024_01,1078,0.3773889215866973,0.003900398278893103,
P024_01,1079,0.37751584035046964,0.0038800082344535407,
P024_01,1080,0.37763028029314955,0.0038441550952945168,
P024_01,1081,0.37774598540769627,0.003862120820151764,
P024_01,1082,0.37787280934190487,0.0038472394139751633,
P024_01,1083,0.3783558990620865,0.003807301859126846,
P024_01,1084,0.37845623821919155,0.0038372773903052764,
P024_01,1085,0.3781860100885419,0.0038503904352690113,
P024_01,1086,0.3782804860820488,0.00382810405119613,
P024_01,1087,0.3783720553709629,0.003856805634593026,
P024_01,1088,0.3784621054667774,0.0038694563218082804,
P024_01,1089,0.37852915764722006,0.0038466981843489913,
P024_01,1090,0.37858253676172793,0.003842961834116104,
P024_01,1091,0.3790371683992218,0.003829683762853104,
P024_01,1092,0.37910614136308296,0.0038108955902949886,
P024_01,1093,0.3787979224716465,0.0037699432728922166,
P024_01,1094,0.3788592178557891,0.003770130854947972,
P024_01,1095,0.37891453339783093,0.00379144405064018,
P024_01,1096,0.3789679664071115,0.003805345673897744,
P024_01,1097,0.37901055998353755,0.0038428635345393682,
P024_01,1098,0.3790647485027728,0.0038541062386170896,
P024_01,1099,0.3791085497227356,0.0038502814748919457,
P024_01,1100,0.37917405008644306,0.003840335277780966,
P024_01,1101,0.3792419447445616,0.0038110050002163704,
P024_01,1102,0.3796803206640071,0.00381247016661378,
P024_01,1103,0.37935615446654847,0.0038481672128359806,
P024_01,1104,0.37938257141338555,0.0038672960385292164,
P024_01,1105,0.37939151048567316,0.003865527339088253,
P024_01,1106,0.379405226305701,0.003887052335067745,
P024_01,1107,0.37978703530007135,0.003871072024301812,
P024_01,1108,0.3793831553892686,0.003828816484616988,
P024_01,1109,0.3793418216252385,0.003807337867626876,
P024_01,1110,0.3792551624431879,0.0038008916283878424,
P024_01,1111,0.3791737968077929,0.003780587186192277,
P024_01,1112,0.37907796766430696,0.003753911424256536,
P024_01,1113,0.3789525208098907,0.0037412434815515734,
P024_01,1114,0.3787954373517684,0.003722476834332389,
P024_01,1115,0.37864900442712557,0.003709235606535429,
P024_01,1116,0.3785004167781844,0.0037083905036541776,
P024_01,1117,0.3783997551967828,0.0037124425721264346,
P024_01,1118,0.37833185635500044,0.0037355615133549745,
P024_01,1119,0.3782646897049056,0.003800734463903933,
P024_01,1120,0.37816606681053244,0.003882000357582488,
P024_01,1121,0.37802228331468823,0.003979895712763897,
P024_01,1122,0.37792080553812246,0.004030769231472744,
P024_01,1123,0.37777767317096567,0.004040076407555039,
P024_01,1124,0.3775809730987229,0.004135783339047926,
P024_01,1125,0.3773316798256782,0.004257588134428089,
P024_01,1126,0.3769708405473404,0.00435843635458417,
P024_01,1127,0.37650202917813996,0.004454485318118204,
P024_01,1128,0.3759232382699771,0.0045396776321036105,
P024_01,1129,0.37528817487911503,0.0045844045234680235,
P024_01,1130,0.374589968421136,0.004591067444453182,
P024_01,1131,0.3738508930967222,0.004655313579794357,
P024_01,1132,0.3733771731460142,0.004669978416325175,
P024_01,1133,0.372010641816247,0.004582973879128041,
P024_01,1134,0.37095979927139133,0.004517145607274163,
P024_01,1135,0.3698934681506552,0.004448680187425996,
P024_01,1136,0.3688647093999986,0.004437629513570093,
P024_01,1137,0.36789094747572904,0.004470722571154517,
P024_01,1138,0.3668707685872737,0.0044735457411935724,
P024_01,1139,0.36577826966671156,0.004455305653264987,
P024_01,1140,0.3646200692365574,0.004434305485783141,
P024_01,1141,0.36338158700399886,0.004413040687622129,
P024_01,1142,0.362130902248845,0.004339227647933221,
P024_01,1143,0.36076667142690294,0.004269133689064298,
P024_01,1144,0.35931052137054226,0.004228008963097365,
P024_01,1145,0.3577562489531038,0.004192603352765237,
P024_01,1146,0.356101049945287,0.004134520127831997,
P024_01,1147,0.3543506418567961,0.004139311831984208,
P024_01,1148,0.352660009382782,0.004151415732679649,
P024_01,1149,0.3509433751190341,0.004108160892659968,
P024_01,1150,0.34926157212351044,0.004097607041806432,
P024_01,1151,0.3476945720380363,0.004067846332105058,
P024_01,1152,0.34616694461335323,0.004036303102809904,
P024_01,1153,0.3447962049937057,0.004073210719838059,
P024_01,1154,0.34359339790220056,0.004103013318919024,
P024_01,1155,0.3424994977195617,0.004131022036699468,
P024_01,1156,0.34154765314964125,0.0041402256566727014,
P024_01,1157,0.34064560638930946,0.0041017490082508115,
P024_01,1158,0.3397943109588451,0.004077079982510592,
P024_01,1159,0.3390424477040326,0.004042605594280366,
P024_01,1160,0.3383401502815809,0.003996264806456347,
P024_01,1161,0.3377161369252859,0.003974466627342773,
P024_01,1162,0.3371708090718916,0.003967566545240704,
P024_01,1163,0.3366594847362665,0.0039588146656415945,
P024_01,1164,0.3361763699438563,0.003955000078989067,
P024_01,1165,0.3357264458217091,0.003959376687378342,
P024_01,1166,0.3353049809366386,0.0039597411181683155,
P024_01,1167,0.33489167455998525,0.003945011859818185,
P024_01,1168,0.3345570536185288,0.003934257373415276,
P024_01,1169,0.3342477311729823,0.003951505772879607,
P024_01,1170,0.3339620580382274,0.003957426019270473,
P024_01,1171,0.3337170573851324,0.003945879824692783,
P024_01,1172,0.3334693399367863,0.003946787306521837,
P024_01,1173,0.33324190427969275,0.003928930048267767,
P024_01,1174,0.3330331790459608,0.003922835620246842,
P024_01,1175,0.33282314086480563,0.003940905343082681,
P024_01,1176,0.33227766529852526,0.003950599828952931,
P024_01,1177,0.33205511462674314,0.003956821469388624,
P024_01,1178,0.33183629297769185,0.003933404013864956,
P024_01,1179,0.3316176795056221,0.003930989855742601,
P024_01,1180,0.3313876114462184,0.003934610858488701,
P024_01,1181,0.3311399992822046,0.00393643784272719,
P024_01,1182,0.3309164099073518,0.003943429007225453,
P024_01,1183,0.33068864109915475,0.003981915606723868,
P024_01,1184,0.33045723188683274,0.003988429042316498,
P024_01,1185,0.3302695867116668,0.0039912545422450384,
P024_01,1186,0.3300641184382379,0.004001805563046962,
P024_01,1187,0.32986730080526167,0.003999669106476649,
P024_01,1188,0.3297013843972063,0.0039978794795591955,
P024_01,1189,0.3295101132532298,0.003980926015880168,
P024_01,1190,0.3293479927300333,0.003966591008954408,
P024_01,1191,0.32920512349779485,0.003966122901115144,
P024_01,1192,0.32905979843311894,0.003971340871412019,
P024_01,1193,0.32894412793808475,0.003984393441052122,
P024_01,1194,0.3288336740908609,0.004002910889548805,
P024_01,1195,0.32871958956182074,0.004008801034018479,
P024_01,1196,0.3286364522904102,0.0040030683357221205,
P024_01,1197,0.32858222582474533,0.00399860872755287,
P024_01,1198,0.328538544907192,0.00398796066344043,
P024_01,1199,0.32853376304385096,0.003969366475775774,
P024_01,1200,0.3285808984634922,0.003939582779307317,
P024_01,1201,0.3286298642894207,0.003929310141376716,
P024_01,1202,0.3286885138013327,0.003919276977346078,
P024_01,1203,0.3287922967075237,0.003923301978267293,
P024_01,1204,0.3289201112705301,0.0039307527611744525,
P024_01,1205,0.3290538124915738,0.003934378370441663,
P024_01,1206,0.32922647459521753,0.003912551448101829,
P024_01,1207,0.32943829361417987,0.0039007709684350266,
P024_01,1208,0.3296730475221698,0.003914769971233265,
P024_01,1209,0.3299438172276657,0.003907166816487762,
P024_01,1210,0.3302440271927007,0.003905316137009526,
P024_01,1211,0.330563882383198,0.003895739492873875,
P024_01,1212,0.33091767376841397,0.003862457713392431,
P024_01,1213,0.3313032748143125,0.003855279618039396,
P024_01,1214,0.3317140720389173,0.003858880204166846,
P024_01,1215,0.33214792390647546,0.0038490461984244245,
P024_01,1216,0.3326109702495379,0.0038476599044794876,
P024_01,1217,0.3331000793562845,0.0038464360153460425,
P024_01,1218,0.3336107725307586,0.0038527430821339984,
P024_01,1219,0.33415230484612307,0.0038785889628956296,
P024_01,1220,0.33471189831971593,0.0038862739597613377,
P024_01,1221,0.3352970420966648,0.003894309083057286,
P024_01,1222,0.3358966765003066,0.0038896844469394304,
P024_01,1223,0.3365039569653909,0.0038697146344043956,
P024_01,1224,0.3371010101875482,0.0038671350567736737,
P024_01,1225,0.3377214481592223,0.003874092892858563,
P024_01,1226,0.33833388516243956,0.003878252730989202,
P024_01,1227,0.338923368733965,0.0038850952177250167,
P024_01,1228,0.3395557918446082,0.0038645828946077265,
P024_01,1229,0.3401657363143286,0.0038437938264862808,
P024_01,1230,0.3407311842652542,0.0038447914566202383,
P024_01,1231,0.34129214584301676,0.003844148730383694,
P024_01,1232,0.3418239034117576,0.0038342977170166383,
P024_01,1233,0.34234287650949824,0.003832908417245746,
P024_01,1234,0.3428584317111318,0.00384883786250516,
P024_01,1235,0.3433610556811897,0.0038568775737822954,
P024_01,1236,0.34386960339432426,0.0038754939340823026,
P024_01,1237,0.34435908340974986,0.003876248000864236,
P024_01,1238,0.344825715674628,0.003857693726844634,
P024_01,1239,0.34528718581784207,0.0038492441058515627,
P024_01,1240,0.34574647003315234,0.0038325013234885527,
P024_01,1241,0.346184639126251,0.0038378038282296406,
P024_01,1242,0.3465995042864442,0.0038597916898716485,
P024_01,1243,0.34703406440320367,0.00388110066666115,
P024_01,1244,0.347448257957576,0.003903758054568598,
P024_01,1245,0.34787155366707095,0.003923748631095891,
P024_01,1246,0.34830273467919054,0.003944460755889255,
P024_01,1247,0.3487085620622821,0.003957777554098283,
P024_01,1248,0.34910674364261784,0.0039610792292502075,
P024_01,1249,0.3494834437987211,0.003975381198822876,
P024_01,1250,0.34985887049195236,0.003990804195825469,
P024_01,1251,0.35023256301174926,0.00400216409829278,
P024_01,1252,0.35058387648930894,0.004029308040178177,
P024_01,1253,0.3509497040504179,0.004054635895086704,
P024_01,1254,0.3513061711477803,0.004059544670965641,
P024_01,1255,0.35164039913714173,0.004066090265632973,
P024_01,1256,0.35197232773200793,0.0040806361248108955,
P024_01,1257,0.35231875247137096,0.0040979726311612015,
P024_01,1258,0.3526209195508572,0.004111270539893748,
P024_01,1259,0.3528901243427991,0.0041316388749676365,
P024_01,1260,0.35316675994710317,0.004152653321812346,
P024_01,1261,0.353428412710805,0.0041688993237940924,
P024_01,1262,0.3536921183145625,0.004181302184794538,
P024_01,1263,0.35396108709086294,0.004199970773341997,
P024_01,1264,0.3542033011269827,0.0042103083753211356,
P024_01,1265,0.35443670061602955,0.004202154669472424,
P024_01,1266,0.3546460510714571,0.004192723270757484,
P024_01,1267,0.3548481676691488,0.004185939711421535,
P024_01,1268,0.35504726305240714,0.004183532080037601,
P024_01,1269,0.35523003689085475,0.004192357965933358,
P024_01,1270,0.3553865421520732,0.004182148041723537,
P024_01,1271,0.3555063348533811,0.004128778005614794,
P024_01,1272,0.35560759279741383,0.004068553289258826,
P024_01,1273,0.35568646770765033,0.004013711009382286,
P024_01,1274,0.35574049357050264,0.003978175906157387,
P024_01,1275,0.35577928037790124,0.003944265016212188,
P024_01,1276,0.3554471035318434,0.003911407634083761,
P024_01,1277,0.3554593867129216,0.0038706876807055256,
P024_01,1278,0.35546234706824825,0.003791471254234699,
P024_01,1279,0.3554363894355572,0.003742992953262724,
P024_01,1280,0.3553897006868136,0.0037185130388155212,
P024_01,1281,0.35532624268329066,0.003682940687349426,
P024_01,1282,0.3552339031808612,0.0036530879481154917,
P024_01,1283,0.35513721935550885,0.003622012443445203,
P024_01,1284,0.3550248445636721,0.0035829003453083904,
P024_01,1285,0.35491159850783077,0.0035530988484118193,
P024_01,1286,0.35480113563690846,0.00351953107354404,
P024_01,1287,0.35466295312874657,0.003506034824151821,
P024_01,1288,0.35449334029681295,0.003497361159032103,
P024_01,1289,0.3543096798766201,0.0034652430569102792,
P024_01,1290,0.3540814122477481,0.0034383484576315246,
P024_01,1291,0.3538452775675967,0.0033990881833300414,
P024_01,1292,0.3535991578773707,0.003362163892896969,
P024_01,1293,0.35331355110454404,0.003350815721558944,
P024_01,1294,0.3530296313209822,0.0033295467715002366,
P024_01,1295,0.3527077423781629,0.003303577472118729,
P024_01,1296,0.3523504338935457,0.00329162539913063,
P024_01,1297,0.35199552464678246,0.0032877594922833212,
P024_01,1298,0.3516071567872574,0.003290227617808784,
P024_01,1299,0.3512036704941767,0.003294469438028253,
P024_01,1300,0.350773809459558,0.003297026884152056,
P024_01,1301,0.35033105076783894,0.003297552912666284,
P024_01,1302,0.3498513331840691,0.0032929348760263625,
P024_01,1303,0.3493205864033162,0.003291617559430371,
P024_01,1304,0.34877857077458735,0.003290669008593509,
P024_01,1305,0.34823143588934075,0.003281889188364991,
P024_01,1306,0.3476320723446271,0.0032725733819757093,
P024_01,1307,0.34698994089654495,0.003252676815776079,
P024_01,1308,0.3463307924794541,0.0032464125565880055,
P024_01,1309,0.3456298666990931,0.0032559936937434555,
P024_01,1310,0.3448913348853398,0.003254151141936737,
P024_01,1311,0.34413573587935425,0.0032386390445395563,
P024_01,1312,0.3433092276988356,0.003264948330329063,
P024_01,1313,0.3424491161331471,0.003288224824108234,
P024_01,1314,0.34156540040570227,0.0032943170178180515,
P024_01,1315,0.3406365135000744,0.003317643268538351,
P024_01,1316,0.33973431931582,0.0033248539174788746,
P024_01,1317,0.33874636722566426,0.00330995973818174,
P024_01,1318,0.3376938231919162,0.003308441072318192,
P024_01,1319,0.33665998899659827,0.0033198368291451254,
P024_01,1320,0.3355557123050465,0.0033277519357235185,
P024_01,1321,0.33444716337616626,0.00334809364386832,
P024_01,1322,0.3333833953967574,0.003356080161514587,
P024_01,1323,0.332302051713702,0.0033691372638839584,
P024_01,1324,0.3311999564891405,0.003393471569056258,
P024_01,1325,0.3300624235800295,0.0034029109022674963,
P024_01,1326,0.32856587685016,0.003407389181459967,
P024_01,1327,0.3273341982128161,0.003405262848770428,
P024_01,1328,0.3259937116279726,0.0033848890553580847,
P024_01,1329,0.32461000402559376,0.003361881885993572,
P024_01,1330,0.32317920314298215,0.003317168152546855,
P024_01,1331,0.32167294013061637,0.003294362480256396,
P024_01,1332,0.32008924912686615,0.003280577161352018,
P024_01,1333,0.3185324411840602,0.003270252418192004,
P024_01,1334,0.3169109407007756,0.003279442684043707,
P024_01,1335,0.3154070976438074,0.0032805422197325677,
P024_01,1336,0.31399209059591143,0.0032750668918734276,
P024_01,1337,0.3125766619788451,0.0032675954037591462,
P024_01,1338,0.31124694411199,0.003277390348166835,
P024_01,1339,0.30974847152666624,0.003318498821511392,
P024_01,1340,0.30859900211912855,0.0033968322382052023,
P024_01,1341,0.3078697431665791,0.00343853528239633,
P024_01,1342,0.306940448201745,0.0034000049803018842,
P024_01,1343,0.30599205828554304,0.0033847059777787525,
P024_01,1344,0.3051202502729758,0.0033900453047299643,
P024_01,1345,0.3042111000612448,0.0034018499019583767,
P024_01,1346,0.30330157930262536,0.0035552104630533956,
P024_01,1347,0.3021710129189357,0.0037194682258946724,
P024_01,1348,0.30172379918026454,0.0038429314851625984,
P024_01,1349,0.30100781587954756,0.004083370723459671,
P024_01,1441,0.08927914599295846,0.0010308664907136124,
P024_01,1442,0.08914611131250627,0.0010225015225388998,
P024_01,1443,0.08893824331632146,0.0012329973112373332,
P024_01,1444,0.08873707139951066,0.0013007117855347067,
P024_01,1445,0.08860732189442072,0.0012980032755194612,
P024_01,1446,0.0884789804588969,0.001230063575379867,
P024_01,1447,0.08836466843958397,0.0011727089433445697,
P024_01,1448,0.08831290962650103,0.0010708953891046084,
P024_01,1449,0.08826855484655416,0.001078301664559494,
P024_01,1450,0.08820161888912176,0.0011518516391339833,
P024_01,1451,0.08817639746173682,0.0011594030875940015,
P024_01,1452,0.08818785372330719,0.0011955921395450763,
P024_01,1453,0.08818873043869789,0.0011970600059721921,
P024_01,1454,0.08816553166923768,0.0011788234595929033,
P024_01,1455,0.088196582708792,0.0011427115557203756,
P024_01,1456,0.08826302947323943,0.0010688710199375302,
P024_01,1457,0.08832538394080434,0.0010315086304761877,
P024_01,1458,0.08838685823046356,0.0009605019285356669,
P024_01,1459,0.08849037991056245,0.0009684887602331287,
P024_01,1460,0.08853541962345252,0.0010580885814813182,
P024_01,1461,0.08875890331200252,0.0011071380423519606,
P024_01,1462,0.08893823183474237,0.0011616719493346835,
P024_01,1463,0.0891312026499936,0.001214242458056435,
P024_01,1464,0.0893152815861152,0.001288611066731945,
P024_01,1465,0.0895624922685413,0.0012966383923109942,
P024_01,1466,0.08977619278365123,0.0012518696602871534,
P024_01,1467,0.09023542550367454,0.0012794378973555389,
P024_01,1468,0.09064957843224734,0.001303711814659492,
P024_01,1469,0.09116030839204815,0.001258588109191449,
P024_01,1470,0.09170907714045935,0.001273993049310907,
P024_01,1471,0.09222781529868655,0.0013161914760930025,
P024_01,1472,0.09273518850779268,0.0011662244403812898,
P024_01,1473,0.09328544345194952,0.001060670514535964,
P024_01,1474,0.09385682718787519,0.0010744472965274322,
P024_01,1475,0.0944402925602039,0.0010438514660110066,
P024_01,1476,0.09503692239024196,0.001122021003551569,
P024_01,1477,0.09561797090592106,0.0011952767194747212,
P024_01,1478,0.09618208748573594,0.0011880104555912954,
P024_01,1479,0.09675764717827307,0.0012021653729650929,
P024_01,1480,0.09735947141970674,0.0011674131135622418,
P024_01,1481,0.098004854208038,0.0011374107110728496,
P024_01,1482,0.09870015157856038,0.001146133531390548,
P024_01,1483,0.09940638564638225,0.0011439132027953281,
P024_01,1484,0.10012193161177112,0.0011407990112690676,
P024_01,1485,0.10075241276906122,0.0011856195582459405,
P024_01,1486,0.10158481975523607,0.0012390827851679667,
P024_01,1487,0.10231361132146126,0.0012858756294881182,
P024_01,1488,0.10302572922262532,0.0012991852439354268,
P024_01,1489,0.10372765256095486,0.0013012720754900953,
P024_01,1490,0.1044562830520645,0.0012669886875028235,
P024_01,1491,0.10518205924850739,0.0011690717096298157,
P024_01,1492,0.10589310935250192,0.0011444446904002757,
P024_01,1493,0.1066318518674777,0.001141052057212274,
P024_01,1494,0.10733269110041264,0.0011241950907878323,
P024_01,1495,0.10801587845798248,0.0011238032534177018,
P024_01,1496,0.10870529957813113,0.0011155809070004304,
P024_01,1497,0.10939825336046542,0.001098108506132354,
P024_01,1498,0.11010947011081496,0.0010837526223527536,
P024_01,1499,0.11084422196287684,0.0010753563029958627,
P024_01,1500,0.11158743246894676,0.0010710235381068,
P024_01,1501,0.11236459283956392,0.0010551878500339735,
P024_01,1502,0.11315835489353739,0.0010564611408557046,
P024_01,1503,0.113987832504503,0.0010756364192245807,
P024_01,1504,0.11479765784385461,0.0010815556232403746,
P024_01,1505,0.11560468670693926,0.001093570121353403,
P024_01,1506,0.11642799977234435,0.0011024541331044837,
P024_01,1507,0.11725081277131094,0.001107606614489402,
P024_01,1508,0.11806893941826631,0.0010972187048844217,
P024_01,1509,0.11880338809450326,0.0010672233344033864,
P024_01,1510,0.1197495458113919,0.0010598351257649558,
P024_01,1511,0.12054214799476841,0.0010388934558342247,
P024_01,1512,0.12134750440143849,0.0010432943904009786,
P024_01,1513,0.12214866156979141,0.0010915540247665942,
P024_01,1514,0.12294587709228262,0.001108190338426291,
P024_01,1515,0.12376134023484191,0.0011099031377249018,
P024_01,1516,0.12456986618352352,0.001117123031206247,
P024_01,1517,0.12538707996843615,0.0011100136627309031,
P024_01,1518,0.1262017358400679,0.0011231502521791522,
P024_01,1519,0.1268823239920559,0.001161733475710447,
P024_01,1520,0.1276909418565696,0.001181028763348599,
P024_01,1521,0.1285177703793535,0.0011983530908480638,
P024_01,1522,0.1294324012347106,0.0012058565395123668,
P024_01,1523,0.13022337457631447,0.001210099499801149,
P024_01,1524,0.13101592610262877,0.0012164854973573459,
P024_01,1525,0.13162993071397341,0.0012289166234982628,
P024_01,1526,0.13241216567835293,0.0012383094501804651,
P024_01,1527,0.1333233197655763,0.0012387156199660113,
P024_01,1528,0.13407330724908864,0.0012306921983238843,
P024_01,1529,0.13483784078637404,0.0012205624115489257,
P024_01,1530,0.13557500699140382,0.0012201999934061826,
P024_01,1531,0.1363118274316463,0.001220753896580453,
P024_01,1532,0.13705265265619646,0.0012394449722026985,
P024_01,1533,0.13777496533551745,0.00126696316381247,
P024_01,1534,0.13852305985222513,0.001262591049687086,
P024_01,1535,0.13926289796979716,0.00125939704918426,
P024_01,1536,0.13998718567127996,0.0012722193938152161,
P024_01,1537,0.14073146896437636,0.0012634428129515785,
P024_01,1538,0.14144997432122094,0.0012722466257433882,
P024_01,1539,0.14216862380951947,0.001305512876247641,
P024_01,1540,0.14289684829421473,0.0013190790079415102,
P024_01,1541,0.14360362523269946,0.0013330739914915676,
P024_01,1542,0.1443430608961619,0.0013693968269145999,
P024_01,1543,0.1450721989036776,0.0013808323756779011,
P024_01,1544,0.14563423457269495,0.0013604186863938022,
P024_01,1545,0.14636452393757327,0.001366744895656823,
P024_01,1546,0.14706060040148408,0.0013802555360623242,
P024_01,1547,0.14775181921891004,0.0013860792751516024,
P024_01,1548,0.14844805316978404,0.0014161978813739626,
P024_01,1549,0.14911893400373008,0.0014260636293712292,
P024_01,1550,0.14996113247258985,0.0014257167893934432,
P024_01,1551,0.15050433331092536,0.001441222892422164,
P024_01,1552,0.1511889093566478,0.0014533491714129102,
P024_01,1553,0.15202886337389274,0.0014757317032454726,
P024_01,1554,0.15269049091393228,0.0015040163257837823,
P024_01,1555,0.15334791182882032,0.0015080376626470627,
P024_01,1556,0.153860957682236,0.001498543252999515,
P024_01,1557,0.15468567575767797,0.001504723234703133,
P024_01,1558,0.15520454452915058,0.0015068272024876615,
P024_01,1559,0.15586228633013355,0.001516982160899439,
P024_01,1560,0.1564973514116428,0.0015445300680381985,
P024_01,1561,0.15713175577305674,0.0015682761377551532,
P024_01,1562,0.15775784470611395,0.0015912082589967919,
P024_01,1563,0.1583729085333665,0.001614764575569156,
P024_01,1564,0.15898880506286242,0.001656075837912638,
P024_01,1565,0.15959147946695146,0.0016680374075659498,
P024_01,1566,0.16018268718074818,0.0016650714355781167,
P024_01,1567,0.1609467941311555,0.0016653566171687668,
P024_01,1568,0.16138522526458035,0.0016266921417227621,
P024_01,1569,0.1619763587163382,0.001628167782977318,
P024_01,1570,0.16254954975004007,0.0016567412369912432,
P024_01,1571,0.16315142645436964,0.001672915802040144,
P024_01,1572,0.16376237898871035,0.0017099374431714229,
P024_01,1573,0.16453852263398724,0.0017229049738437302,
P024_01,1574,0.16500527767906134,0.0017065552232656059,
P024_01,1575,0.165619774095612,0.0017085122941071413,
P024_01,1576,0.16619518944218714,0.00171067584200157,
P024_01,1577,0.16679743029511815,0.00172633282152759,
P024_01,1578,0.16756784625040125,0.0017584614109131304,
P024_01,1579,0.16816082178733918,0.001775213984222091,
P024_01,1580,0.1685845437819764,0.0017879345895536198,
P024_01,1581,0.1691668276203959,0.0017917982618026857,
P024_01,1582,0.16973860425169937,0.0017834440106528555,
P024_01,1583,0.17031267986626872,0.001790156316353008,
P024_01,1584,0.17087294089264515,0.001796318148012554,
P024_01,1585,0.17144444765242753,0.0018254558985844925,
P024_01,1586,0.17202033229614147,0.0018789859017016074,
P024_01,1587,0.17276816904327755,0.0019133927009183768,
P024_01,1588,0.17318361525650627,0.0019525197920427452,
P024_01,1589,0.17374797447106283,0.001969220966504477,
P024_01,1590,0.17429035514734115,0.001965027062813402,
P024_01,1591,0.1750418281450663,0.001965150556511522,
P024_01,1592,0.17544799412401688,0.00194413403684382,
P024_01,1593,0.17602332813240848,0.0019455487764942346,
P024_01,1594,0.17661830194524453,0.0019458263564962784,
P024_01,1595,0.17719395943170677,0.001957030012301795,
P024_01,1596,0.17774551370231828,0.001996698702904693,
P024_01,1597,0.17832122316055118,0.002016503693297336,
P024_01,1598,0.17892645495259177,0.00203167838657083,
P024_01,1599,0.17951958674286775,0.0020417250355511513,
P024_01,1600,0.18011085863689735,0.0020460998169330616,
P024_01,1601,0.1806914533890516,0.00204380425446426,
P024_01,1602,0.18125467881563428,0.0020273868274559652,
P024_01,1603,0.1818204556956371,0.002037621633450729,
P024_01,1604,0.1823901622649682,0.0020598883684341345,
P024_01,1605,0.18295548692382058,0.002071584991596944,
P024_01,1606,0.1835128834615094,0.00209447729748236,
P024_01,1607,0.18408374309470846,0.002104356925755451,
P024_01,1608,0.18464247991047789,0.002080115591508981,
P024_01,1609,0.18520926366662357,0.0020905570703794716,
P024_01,1610,0.18578548159621436,0.0021338835738557117,
P024_01,1611,0.18634038377552276,0.0021497048093049266,
P024_01,1612,0.18689299565411135,0.0021731191746281473,
P024_01,1613,0.18743184605050522,0.002189310754143001,
P024_01,1614,0.18795948026064724,0.002170246866881556,
P024_01,1615,0.1884839914013078,0.0021720032162698293,
P024_01,1616,0.18899569265178165,0.002193675827391967,
P024_01,1617,0.1894928534572314,0.0021924876260049964,
P024_01,1618,0.18997542307218315,0.0021864957725216344,
P024_01,1619,0.1904522343146274,0.0021951083820602527,
P024_01,1620,0.19092908086263913,0.0021853198525779447,
P024_01,1621,0.1913888837327825,0.00220165235263039,
P024_01,1622,0.19183933715004634,0.0022491866042865937,
P024_01,1623,0.19228669130455447,0.00226910707054212,
P024_01,1624,0.1927167210879368,0.00228675845595762,
P024_01,1625,0.1931369043373108,0.002304388661267735,
P024_01,1626,0.19335370940483912,0.0022957054698374167,
P024_01,1627,0.19376842998339813,0.0023198248007973146,
P024_01,1628,0.19418895320276244,0.0023920081385890644,
P024_01,1629,0.19458835615634165,0.0024119374750697325,
P024_01,1630,0.19499194065020697,0.0023987211280911973,
P024_01,1631,0.19537298902758193,0.0024082864674933144,
P024_01,1632,0.19572692566000707,0.0023941505542566057,
P024_01,1633,0.1960721539148613,0.0023979133044972826,
P024_01,1634,0.19640884037961212,0.002449899097238282,
P024_01,1635,0.19673397768503198,0.002465957581074099,
P024_01,1636,0.19704700942652517,0.0024501138786538726,
P024_01,1637,0.19734574842435526,0.0024529737974444536,
P024_01,1638,0.19763518798069132,0.0024448000648096997,
P024_01,1639,0.19790767770318704,0.002450765685554266,
P024_01,1640,0.19816579103794998,0.0024884197012525755,
P024_01,1641,0.19840149887061698,0.0024981039753815834,
P024_01,1642,0.19861972031947253,0.002491566589517049,
P024_01,1643,0.19881106125624068,0.002504209112223257,
P024_01,1644,0.19896822366580627,0.0025072272896247603,
P024_01,1645,0.19911650443395426,0.002507586000270928,
P024_01,1646,0.19924529114204823,0.0025294175217020305,
P024_01,1647,0.19935345035746713,0.0025343546317422054,
P024_01,1648,0.19945466721739927,0.002522073093121905,
P024_01,1649,0.19950552325654006,0.002529633796042092,
P024_01,1650,0.1995200118244808,0.0025373788260977027,
P024_01,1651,0.19952511275519494,0.0025532657595713237,
P024_01,1652,0.19948946371949336,0.0025758103713493757,
P024_01,1653,0.1994612683055961,0.0026008138220582084,
P024_01,1654,0.1994332903722166,0.0026405781884453893,
P024_01,1655,0.19936796852353122,0.0026553160666998345,
P024_01,1656,0.19927370175104012,0.0026657088185527865,
P024_01,1657,0.19918512701663701,0.0026649750895935192,
P024_01,1658,0.19906871714934316,0.002634823656619024,
P024_01,1659,0.19895960925927536,0.0026364283199254916,
P024_01,1660,0.19886039259060792,0.0026607896787351234,
P024_01,1661,0.19875630331619776,0.0026598837354256605,
P024_01,1662,0.19863872845601785,0.0026636459157483422,
P024_01,1663,0.19853405697837948,0.0026562995097052498,
P024_01,1664,0.19843424266639617,0.0026077170407378175,
P024_01,1665,0.19833904348826556,0.002591566689002519,
P024_01,1666,0.19805167015565214,0.0025888468511389966,
P024_01,1667,0.1981644418229235,0.0026007196329978686,
P024_01,1668,0.19807711977797204,0.0026312650114617905,
P024_01,1669,0.19778729235237633,0.0026567320426599777,
P024_01,1670,0.1978928589047231,0.0027102923593713317,
P024_01,1671,0.19782109155643715,0.0027473113990174416,
P024_01,1672,0.19774781575920172,0.002729792757476825,
P024_01,1673,0.19766967189619336,0.002703185011797161,
P024_01,1674,0.19738212701812183,0.0026902112112218235,
P024_01,1675,0.19746636494084632,0.00270232751188586,
P024_01,1676,0.197144439982918,0.0027077600972513086,
P024_01,1677,0.19701176838178414,0.0027125362471080005,
P024_01,1678,0.196636165398243,0.002722794400225618,
P024_01,1679,0.1964485344743558,0.0027005024737176814,
P024_01,1680,0.19623826428827673,0.002696006780906432,
P024_01,1681,0.19619016236665446,0.002716846732291218,
P024_01,1682,0.1959413600980016,0.002696185586525078,
P024_01,1683,0.19567206108826216,0.0026939997958951634,
P024_01,1684,0.19537005210070701,0.0027138753204776563,
P024_01,1685,0.19484572717568183,0.002725227462596989,
P024_01,1686,0.19448805622028806,0.0027533913884328844,
P024_01,1687,0.19410158920860712,0.0027718282403257294,
P024_01,1688,0.1936767507113478,0.002789306913428488,
P024_01,1689,0.19323711988382922,0.0028008819360455066,
P024_01,1690,0.1929938929718894,0.0028015079888009343,
P024_01,1691,0.19233812729981312,0.002782781882607776,
P024_01,1692,0.1919072223223174,0.002722382457919074,
P024_01,1693,0.1914840582487658,0.002687276025101585,
P024_01,1694,0.19121408505152182,0.0027158918538842764,
P024_01,1695,0.1905693990580055,0.0027237301717231064,
P024_01,1696,0.19010607532258592,0.0027449572901513115,
P024_01,1697,0.18960723593303508,0.002764111361703643,
P024_01,1698,0.1891210373208215,0.0027166291876513987,
P024_01,1699,0.18880151782585286,0.0027050268308074707,
P024_01,1700,0.18809863895959555,0.0027645696009726516,
P024_01,1701,0.18760060165837178,0.002786963420822466,
P024_01,1702,0.18706506717575863,0.0027796496722455105,
P024_01,1703,0.18653754811116316,0.002792975656099494,
P024_01,1704,0.18599466338403803,0.0027437429403271408,
P024_01,1705,0.18543774064883833,0.0027171851625240363,
P024_01,1706,0.1849162060353029,0.0027521541958994565,
P024_01,1707,0.18436368000190242,0.0027068082654970655,
P024_01,1708,0.1837825467501093,0.0026586876818612878,
P024_01,1709,0.183211236473815,0.002649251718716268,
P024_01,1710,0.18263032560719827,0.0025818538495276573,
P024_01,1711,0.18207727621902303,0.002554343897038909,
P024_01,1712,0.18156254932596616,0.0026075328607970526,
P024_01,1713,0.18105187751311327,0.00262125409114634,
P024_01,1714,0.18055936169660666,0.0026351074244541496,
P024_01,1715,0.18007387303269198,0.002687058840082407,
P024_01,1716,0.1795996818138937,0.002660018869944233,
P024_01,1717,0.17917068667551894,0.0025881697156602997,
P024_01,1718,0.1787497499295846,0.00255946531982917,
P024_01,1719,0.1783523234067411,0.0025576956695184936,
P024_01,1720,0.1779846914630233,0.0025887833218494385,
P024_01,1721,0.1775942857577657,0.0026471026875626155,
P024_01,1722,0.1772244477503481,0.0026936076981656956,
P024_01,1723,0.17688745548136264,0.0026750427865692063,
P024_01,1724,0.17656609775590457,0.0026220334619914266,
P024_01,1725,0.1762906947527034,0.002604139132620881,
P024_01,1726,0.1760435324639346,0.002548107153833082,
P024_01,1727,0.17581035264611736,0.0025070832594372883,
P024_01,1728,0.17560576782978154,0.0025207902642479917,
P024_01,1729,0.17541072468656152,0.0024955270222991495,
P024_01,1730,0.17523924066247643,0.002514753053786763,
P024_01,1731,0.17512494980386048,0.0025548964925649204,
P024_01,1732,0.17503247049404191,0.002528202353920145,
P024_01,1733,0.17496489346055855,0.0025132508016464574,
P024_01,1734,0.1749325559407657,0.002506436655902495,
P024_01,1735,0.1749066285549811,0.002517664460645703,
P024_01,1736,0.1749081640192598,0.0025523083567988913,
P024_01,1737,0.17487185143838632,0.0025541908158847057,
P024_01,1738,0.17481145313147106,0.0025191932355358945,
P024_01,1739,0.17472516793767376,0.0025111663365091075,
P024_01,1740,0.1746319800295512,0.0025295323135326887,
P024_01,1741,0.17449393027352977,0.002523064186214452,
P024_01,1742,0.17434096649468842,0.002502901406068369,
P024_01,1743,0.17413356900133936,0.002530212613866412,
P024_01,1744,0.17384838477324407,0.0025299788270383722,
P024_01,1745,0.17355278493937143,0.0025050652991053224,
P024_01,1746,0.1732048721037389,0.0025209427327358646,
P024_01,1747,0.17283368604151425,0.0025016609096339304,
P024_01,1748,0.17247486164951345,0.002464586749243013,
P024_01,1749,0.17208409619795492,0.002453576242429332,
P024_01,1750,0.17168654400444713,0.002420405288131319,
P024_01,1751,0.17129336838674392,0.002338349558656244,
P024_01,1752,0.17090018056172532,0.0022952843217476653,
P024_01,1753,0.1705153443379884,0.002365853341873422,
P024_01,1754,0.17014778540098538,0.002439948116730612,
P024_01,1755,0.16997491548244936,0.002480194565238802,
P024_01,1756,0.16962708173407373,0.002509682733462291,
P024_01,1757,0.1690964943383074,0.0024828945754858437,
P024_01,1758,0.16874817186756666,0.0024465125639271538,
P024_01,1759,0.16839898849452506,0.0024498330657501785,
P024_01,1760,0.16823513963564585,0.0024594483603509057,
P024_01,1761,0.1677781504468012,0.0024507159506611587,
P024_01,1762,0.16752308473851343,0.002419827661675978,
P024_01,1763,0.16728923767230672,0.0023900763793660205,
P024_01,1764,0.16708587633354552,0.0023945796567975868,
P024_01,1765,0.16706923701717566,0.002417767442719382,
P024_01,1766,0.16671633500857283,0.002434760914395921,
P024_01,1767,0.16653984940891942,0.0024700740759092373,
P024_01,1768,0.16637570937708088,0.0024968252192479386,
P024_01,1769,0.16624170890144588,0.0024585651485503715,
P024_01,1770,0.16613831060486994,0.002437120163307274,
P024_01,1771,0.16607341832647438,0.002452865634932009,
P024_01,1772,0.1660544685383205,0.002428441741942045,
P024_01,1773,0.16604670856844325,0.002453323782446291,
P024_01,1774,0.1661783147679668,0.002509103595391489,
P024_01,1775,0.1659260321500791,0.00250688908283185,
P024_01,1776,0.16583868184093667,0.002533178582922214,
P024_01,1777,0.16590200302781166,0.0025370014597618147,
P024_01,1778,0.1656360557145616,0.002497468814339099,
P024_01,1779,0.1655577782321704,0.002467578371479251,
P024_01,1780,0.16567617552019068,0.0024062552342620177,
P024_01,1781,0.16543865684323014,0.0022355143227850427,
P024_01,1782,0.16541404016152986,0.002249453351010115,
P024_01,1783,0.16564885151206843,0.002375624673166911,
P024_01,1784,0.16553900888139494,0.0023921156924264766,
P024_01,1785,0.1655916098577614,0.002529791259179157,
P024_01,1786,0.1658660511049732,0.0025414354500653737,
P024_01,1787,0.1658591405923574,0.0023657401188007625,
P024_01,1788,0.165980497523619,0.0023803364780397157,
P024_01,1789,0.16613490078559814,0.0022881650046697546,
P024_01,1981,0.042535567807236024,0.001821471644255646,
P024_01,1982,0.04293906769659203,0.001580633425103636,
P024_01,1983,0.04326733827428475,0.0015786865003547968,
P024_01,1984,0.04348728427205809,0.0016074842247369525,
P024_01,1985,0.04372757905121257,0.001546423253749091,
P024_01,1986,0.043880701179283284,0.0016153912842427796,
P024_01,1987,0.04412164018846867,0.0016363074109623568,
P024_01,1988,0.04446454450250387,0.0015367124631658325,
P024_01,1989,0.04471987723317339,0.001473271482032227,
P024_01,1990,0.04490442720086444,0.001324900061510639,
P024_01,1991,0.04513321796468364,0.001365418180958985,
P024_01,1992,0.045333098942301475,0.0013775437409177605,
P024_01,1993,0.04556272108924034,0.0012927806042304132,
P024_01,1994,0.0458067600048008,0.0012608926848724346,
P024_01,1995,0.04612876833569915,0.0014896563616535934,
P024_01,1996,0.046444927237850604,0.0016178147035619656,
P024_01,1997,0.04667866041602827,0.0019325921251931067,
P024_01,1998,0.0470353543454985,0.0022605977894287186,
P024_01,1999,0.047611001089423226,0.0023345639387410133,
P024_01,2000,0.04802430711474367,0.0024815604977381682,
P024_01,2001,0.04828980707044734,0.0024547102518344584,
P024_01,2002,0.04876541979886754,0.0025450322753232924,
P024_01,2003,0.049197855995675666,0.002838631220642717,
P024_01,2004,0.04967577727169914,0.0031324115492460205,
P024_01,2005,0.05034858444746928,0.0027764718447364782,
P024_01,2006,0.05132725855412481,0.002101878186540701,
P024_01,2007,0.051998562881314596,0.00205705648596207,
P024_01,2008,0.052485839176105116,0.002020899963439875,
P024_01,2009,0.05281697737487042,0.002035641953048047,
P024_01,2010,0.0526323805467474,0.002150476380971278,
P024_01,2011,0.052930263002767104,0.001894767540093556,
P024_01,2012,0.05301461806581481,0.001377870713476373,
P024_01,2013,0.05328430450912319,0.0015770640788681201,
P024_01,2014,0.05375843988402137,0.002151993890871764,
P024_01,2015,0.05411043330107057,0.0022743896866796428,
P024_01,2016,0.054351705855946286,0.001888897713437445,
P024_01,2017,0.054861051711298535,0.0018201063461762848,
P024_01,2018,0.05513296789824453,0.0017705471397709035,
P024_01,2019,0.05561812762349564,0.0018144823277246836,
P024_01,2020,0.05605848265667986,0.0018668454033870967,
P024_01,2021,0.05635466341137956,0.0018199095622539036,
P024_01,2022,0.05654508703014024,0.001835417388010396,
P024_01,2023,0.05652214661721139,0.0019277828229855663,
P024_01,2024,0.056663655935931784,0.0018902347465539833,
P024_01,2025,0.056769692334139234,0.0017516319343361664,
P024_01,2026,0.05689207738163426,0.0016908816824711586,
P024_01,2027,0.05708405039110844,0.0017890657480722617,
P024_01,2028,0.057159808302068356,0.0017371920592623667,
P024_01,2029,0.05730838218786052,0.001506957636567246,
P024_01,2030,0.05731839771737404,0.0012988642839276037,
P024_01,2031,0.05742288234335264,0.0013142229445791017,
P024_01,2032,0.05765718880724443,0.0011903873794688938,
P024_01,2033,0.05778740496900462,0.0010391193867649421,
P024_01,2034,0.05809869429933843,0.0008559670379252452,
P024_01,2035,0.05824982792364294,0.0008823052049186405,
P024_01,2036,0.058230928552022054,0.0013033586526821008,
P024_01,2037,0.058313982872513916,0.0013706365470065127,
P024_01,2038,0.05853703256435879,0.0011927726290948343,
P024_01,2039,0.05864803249444309,0.00120603739372376,
P024_01,2040,0.05873251923274583,0.0012912023804888693,
P024_01,2041,0.058873294729291724,0.0012598161942264012,
P024_01,2042,0.059018343961954635,0.001295181923393029,
P024_01,2043,0.059073350021399185,0.0013005791225743325,
P024_01,2044,0.05919647468541825,0.0010536345613005695,
P024_01,2045,0.059268092246686783,0.0009535618160178411,
P024_01,2046,0.05940845108459686,0.0010502658711489731,
P024_01,2047,0.05949156839897452,0.0011012016358234883,
P024_01,2048,0.05955330236311281,0.0011180392846174114,
P024_01,2049,0.05975014990092955,0.0011608294905506866,
P024_01,2050,0.05994714942620788,0.0011773486595166782,
P024_01,2051,0.060089725096665846,0.001240441476617362,
P024_01,2052,0.060358109738954974,0.0011633893610017599,
P024_01,2053,0.06048785267065249,0.0010689200056141143,
P024_01,2054,0.06072231285708348,0.0012054713196118997,
P024_01,2055,0.06070614203947073,0.0014246394102742266,
P024_01,2056,0.06090189981026511,0.0015749222733632124,
P024_01,2057,0.06111837100668232,0.0018218221197052293,
P024_01,2058,0.06135114259564995,0.0019475225991005196,
P024_01,2059,0.061729711046399925,0.001820245969411917,
P024_01,2060,0.06195297918264722,0.0015458208139801578,
P024_01,2061,0.06207552066549104,0.0014113772910882652,
P024_01,2062,0.062085403062730665,0.0015067375073002632,
P024_01,2063,0.06197413876703436,0.0016145320679424543,
P024_01,2064,0.06207825903201406,0.0017601559784832653,
P024_01,2065,0.06222657717344016,0.0016928993981286172,
P024_01,2066,0.06246582705947042,0.0014860970189294305,
P024_01,2067,0.06260565162885533,0.0013457126378267968,
P024_01,2068,0.06263176885473981,0.0012089931574953354,
P024_01,2069,0.0626928388800416,0.0011736238096728773,
P024_01,2070,0.06278683325827057,0.0010719506486234329,
P024_01,2071,0.06301293440687443,0.0011192326444200219,
P024_01,2072,0.06332066522728666,0.0013406750531111027,
P024_01,2073,0.06352922031946008,0.0014383126099328611,
P024_01,2074,0.06368315248778193,0.0015124374261324268,
P024_01,2075,0.06383495476340374,0.0015014023653456888,
P024_01,2076,0.06407710678050926,0.0014219491735442374,
P024_01,2077,0.06440605613979962,0.0012689706418301352,
P024_01,2078,0.06457268662378488,0.0012746959507411305,
P024_01,2079,0.06477645278093436,0.0013139543128796265,
P024_01,2080,0.06486012140830051,0.0012071692655938678,
P024_01,2081,0.06493694399124801,0.001086426564002805,
P024_01,2082,0.06498677914555266,0.001137727115290417,
P024_01,2083,0.06523059266346952,0.0013353287983437203,
P024_01,2084,0.06503807164930427,0.001295870512995111,
P024_01,2085,0.0652289844718062,0.0011210469725652277,
P024_01,2086,0.06540762581802467,0.0010678393879452225,
P024_01,2087,0.06543906267643525,0.0009304440125645787,
P024_01,2088,0.0655590933038538,0.0008711276913691418,
P024_01,2089,0.06575983513136818,0.0008212588125669195,
P024_01,2090,0.06576634921763506,0.0008368787306920792,
P024_01,2091,0.06592792969090328,0.0009724990398097499,
P024_01,2092,0.06598844934939725,0.0010765844024316837,
P024_01,2093,0.06610924831260741,0.0011299930545907047,
P024_01,2094,0.0662367051801812,0.0011327936014486374,
P024_01,2095,0.06659741923518459,0.0009757783688343707,
P024_01,2096,0.06669657481087642,0.0009223077956479295,
P024_01,2097,0.06675806098436145,0.0009750377329770513,
P024_01,2098,0.06696614740364627,0.0011974415621127089,
P024_01,2099,0.0672340394428337,0.0013122679161627043,
P024_01,2100,0.06749670644734652,0.001586657631055301,
P024_01,2101,0.06754514121698094,0.0016266245997289535,
P024_01,2102,0.06738096032861536,0.00149392597298544,
P024_01,2103,0.0677187633829409,0.0013737269998096,
P024_01,2104,0.06782374074047139,0.0010546741883699338,
P024_01,2105,0.0680206045089738,0.0009926743072975884,
P024_01,2106,0.06812194241971588,0.001109617294833647,
P024_01,2107,0.06829820126166296,0.001090612438841625,
P024_01,2108,0.06826259643191242,0.0009480134271151044,
P024_01,2109,0.06846428218915475,0.0010529499542768328,
P024_01,2110,0.0687336836417187,0.0011341718920322523,
P024_01,2111,0.06888982002231493,0.0009756231107343687,
P024_01,2112,0.06920048242855538,0.0009452890008774015,
P024_01,2113,0.06930978678902303,0.0009232973904435276,
P024_01,2114,0.06949481839213881,0.0008362389702907944,
P024_01,2115,0.06955539765928127,0.0007227922259419672,
P024_01,2116,0.0696949655662557,0.0007455637286758418,
P024_01,2117,0.06982264782589974,0.0009340997145425532,
P024_01,2118,0.0700709762357677,0.0009526803564034819,
P024_01,2119,0.07012387176899612,0.0009590186307211778,
P024_01,2120,0.07039929006043831,0.0010345691853565144,
P024_01,2121,0.07056195982542542,0.001078303073345165,
P024_01,2122,0.07065214460381943,0.0011088084160408983,
P024_01,2123,0.07072122990451249,0.0012667641657196278,
P024_01,2124,0.070799981753314,0.0014138659984698325,
P024_01,2125,0.07095683943977364,0.001512847884400121,
P024_01,2126,0.0711703198431738,0.0015948864673272236,
P024_01,2127,0.07142247212764795,0.0015098155666224188,
P024_01,2128,0.07156685548636528,0.0014332557960184966,
P024_01,2129,0.0716102411757688,0.001130282808542309,
P024_01,2130,0.07191510603088187,0.0010683426859455444,
P024_01,2131,0.07182634282524246,0.0011629440872911166,
P024_01,2132,0.07174548879617096,0.001046557050749246,
P024_01,2133,0.07187093602185787,0.000978242739749997,
P024_01,2134,0.07210887457956602,0.0010911543342593231,
P024_01,2135,0.07232582317622245,0.0010986643354556503,
P024_01,2136,0.07225735111630671,0.0009403288399007442,
P024_01,2137,0.07263886446991233,0.0008990248443012884,
P024_01,2138,0.0726204026894495,0.0009739614607154608,
P024_01,2139,0.07285314781877981,0.0009355479070251327,
P024_01,2140,0.07286617133046598,0.0008823462636672655,
P024_01,2141,0.07311375059292849,0.0009437270703596134,
P024_01,2142,0.07331499530092213,0.000952192344981875,
P024_01,2143,0.07361442635041403,0.000976672179172788,
P024_01,2144,0.0737000537937763,0.001138570497810194,
P024_01,2145,0.07385122909394749,0.0013939780039953298,
P024_01,2146,0.07381005084986093,0.0014580921201385083,
P024_01,2147,0.07406660813574316,0.0016088215133377437,
P024_01,2148,0.07408294243720841,0.0015361472451670992,
P024_01,2149,0.07458157255246937,0.0013423484366014008,
P024_01,2150,0.07474057550359008,0.0012240421860833489,
P024_01,2151,0.07496526133391074,0.0011010488254682299,
P024_01,2152,0.07519860415764629,0.0011457551980550108,
P024_01,2153,0.0755350898640268,0.0014009707379983906,
P024_01,2154,0.07546276603810396,0.0013868589947961625,
P024_01,2155,0.07577911970902503,0.0012441107080776296,
P024_01,2156,0.07579926977085362,0.0012530737404070824,
P024_01,2157,0.07591049195781892,0.0012257040626883215,
P024_01,2158,0.07607304652731132,0.001223464902224857,
P024_01,2159,0.07627756169125315,0.0013914663946526034,
P024_01,2160,0.07641951050693385,0.001399641704831414,
P024_01,2161,0.07656853554734887,0.0013236507661951906,
P024_01,2162,0.07696680732334511,0.001286301685345213,
P024_01,2163,0.0769349727324292,0.001212308651377508,
P024_01,2164,0.07699758520992121,0.0010981906185714492,
P024_01,2165,0.07741921727369792,0.0009574234494856025,
P024_01,2166,0.07756451433610366,0.0009774164278900101,
P024_01,2167,0.07777026319955424,0.0010381878076414894,
P024_01,2168,0.07784259283508084,0.0012492322080206277,
P024_01,2169,0.07796892257258593,0.0012334490033671832,
P024_01,2170,0.07797612487020274,0.0013273904047516984,
P024_01,2171,0.07842622239350992,0.0014695067935918825,
P024_01,2172,0.07856150244455402,0.0015926024296164791,
P024_01,2173,0.07876221795224314,0.0016281629815050626,
P024_01,2174,0.07925004435472457,0.0015128559052634768,
P024_01,2175,0.07953101365364144,0.0015183774248013395,
P024_01,2176,0.07953118683242379,0.0017246935194740512,
P024_01,2177,0.07948476261653094,0.0017855194426503707,
P024_01,2178,0.07983023025094593,0.0017938666492551384,
P024_01,2179,0.08014032768888607,0.0018272949501463515,
P024_01,2180,0.08030455298792567,0.001742213834792495,
P024_01,2181,0.08040338171790203,0.0016109244537784893,
P024_01,2182,0.08069626564162534,0.0014270556474762898,
P024_01,2183,0.08093657514570161,0.001273063756874198,
P024_01,2184,0.08109678359463235,0.0010109611589065412,
P024_01,2185,0.08104618288271913,0.0009427199700551936,
P024_01,2186,0.0810735822667099,0.00121132341586187,
P024_01,2187,0.08123447932404863,0.0013423687304070734,
P024_01,2188,0.08175996707981834,0.001357973551367575,
P024_01,2189,0.08215127092595015,0.0016732148512826038,
P024_01,2190,0.08225910181534894,0.0015613342866351435,
P024_01,2191,0.08211017065888375,0.0013625083241266386,
P024_01,2192,0.08239763849104244,0.0012879264918591556,
P024_01,2193,0.08240739241719904,0.0013089852435549873,
P024_01,2194,0.08274014566137244,0.0013903489671995676,
P024_01,2195,0.08333931287228942,0.0014780070949383748,
P024_01,2196,0.08328051158412304,0.0015025132469068025,
P024_01,2197,0.08347190098534553,0.0014394276642064633,
P024_01,2198,0.08378963675880345,0.0013546491002312893,
P024_01,2199,0.0838502287411708,0.0014374433420276914,
P024_01,2200,0.08401148074831118,0.001354836237184894,
P024_01,2201,0.08468784446875484,0.0012627704429507918,
P024_01,2202,0.08477350482304812,0.0013150194766475365,
P024_01,2203,0.08505069586406322,0.0011586816994471247,
P024_01,2204,0.08505176342191138,0.0011705094197737003,
P024_01,2205,0.08492379438964916,0.001413956716547133,
P024_01,2206,0.08500129359677461,0.0015376856946047704,
P024_01,2207,0.0851472083592283,0.0017078566248152967,
P024_01,2208,0.0853189859487945,0.001815495290669931,
P024_01,2209,0.0854988485626742,0.0018966041073056282,
P024_01,2210,0.0857682875894311,0.0019101969835090798,
P024_01,2211,0.08600550657840411,0.0015164003551602755,
P024_01,2212,0.08611346190434488,0.0013773314656849406,
P024_01,2213,0.08604931174613902,0.0014650827787657257,
P024_01,2214,0.08605512282432574,0.0014739155684155142,
P024_01,2215,0.08611589346982944,0.0013714007021345615,
P024_01,2216,0.08627882100849484,0.0012690238038525195,
P024_01,2217,0.086590331970942,0.0013039649170857094,
P024_01,2218,0.08667151344174139,0.0013201269729188334,
P024_01,2219,0.08648939254461914,0.0015004204352116934,
P024_01,2220,0.08669516316247912,0.0016731576147018855,
P024_01,2221,0.08663123715991516,0.0014050589147170803,
P024_01,2222,0.08652095598621908,0.0012939447797087964,
P024_01,2223,0.08654983709486995,0.0012297951652704502,
P024_01,2224,0.0863592831715279,0.0012487924815804928,
P024_01,2225,0.08638493393764161,0.001210611282471475,
P024_01,2226,0.08636353414930965,0.001308892468778889,
P024_01,2227,0.0862358368392278,0.0013391840050519543,
P024_01,2228,0.08611252425195365,0.001224439425622008,
P024_01,2229,0.08583995173032079,0.0011745222522579729,
P024_01,2230,0.0857706235157742,0.001362950763000458,
P024_01,2231,0.0853680520447867,0.0013747360189318985,
P024_01,2232,0.08512939491201267,0.0014003059087427936,
P024_01,2233,0.08491791247183778,0.0014882413336904262,
P024_01,2234,0.08447918196528553,0.0015282421924192775,
P024_01,2235,0.08418649818877803,0.0015358505990193945,
P024_01,2236,0.0838757533576543,0.0013182551428353492,
P024_01,2237,0.08355420850155452,0.001330477467290943,
P024_01,2238,0.08324266584589575,0.0011876902402247341,
P024_01,2239,0.08289327757521989,0.0011227223447054897,
P024_01,2240,0.0824125528478092,0.0012417702946571013,
P024_01,2241,0.08199482082332409,0.0013577837034220574,
P024_01,2242,0.0814894830244922,0.001498234546463805,
P024_01,2243,0.0808938671374027,0.0015227218220849785,
P024_01,2244,0.08069667037966645,0.0014215407926585156,
P024_01,2245,0.08049440316373767,0.0013591641608572764,
P024_01,2246,0.08000694361023993,0.0014095437800696667,
P024_01,2247,0.07958649512043824,0.0015605359261368068,
P024_01,2248,0.07895442161707948,0.0015974414539751207,
P024_01,2249,0.07836903144618514,0.0018601853197021195,
P024_01,2250,0.07794471840055704,0.001736296704996392,
P024_01,2251,0.07754885727293927,0.0016785090442623602,
P024_01,2252,0.0769755080762161,0.0015692181677782763,
P024_01,2253,0.07645311341194863,0.0013464100120002991,
P024_01,2254,0.07598754576709528,0.0013825452241062312,
P024_01,2255,0.0755569760829316,0.002022641387812337,
P024_01,2256,0.07512396598651248,0.002123021520302303,
P024_01,2257,0.07465074602744692,0.0018688813242402995,
P024_01,2258,0.07413950597266854,0.0017172867118181718,
P024_01,2259,0.07366153389719478,0.001496935213495951,
P024_01,2260,0.07334977882706296,0.0013724184431263386,
P024_01,2261,0.07309610792664407,0.0011950261704542786,
P024_01,2262,0.0726201765257987,0.0011665053841423592,
P024_01,2263,0.07248070759628948,0.0012752426441807773,
P024_01,2264,0.07170228041457598,0.0012643919012762302,
P024_01,2265,0.07102456857366658,0.0012189013229600809,
P024_01,2266,0.07086475129213636,0.001301222785450879,
P024_01,2267,0.07062164871308474,0.0016577559724561199,
P024_01,2268,0.0702537094446337,0.0017857707352212466,
P024_01,2269,0.07004439691742635,0.0014964021915640697,
P024_01,2270,0.06958223448889352,0.0013260633939910268,
P024_01,2271,0.06902405926554951,0.001408619391410931,
P024_01,2272,0.06864781636942417,0.001600579693046333,
P024_01,2273,0.06825410687959678,0.001673718176317163,
P024_01,2274,0.06795705776352909,0.0017274626432470328,
P024_01,2275,0.067735794000064,0.0018101891233542325,
P024_01,2276,0.06743518558997987,0.001744129881444831,
P024_01,2277,0.06713364219825999,0.0017353001898350701,
P024_01,2278,0.06692943322255199,0.0021771939395793,
P024_01,2279,0.06681977507955844,0.0021423887406775174,
P024_01,2280,0.06680546294993701,0.002100111107989145,
P024_01,2281,0.06686141008742057,0.001613970000332996,
P024_01,2282,0.06652198900158272,0.0011837305280667316,
P024_01,2283,0.0665432869043132,0.0012889963365191688,
P024_01,2284,0.06662508486890216,0.0015879468806596485,
P024_01,2285,0.06603652949253834,0.001860564639934299,
P024_01,2286,0.06576670040528275,0.00217355825195184,
P024_01,2287,0.06563572199698386,0.0020796741807824226,
P024_01,2288,0.06549147987521925,0.0015024424494740369,
P024_01,2289,0.06526155927678527,0.0012940631032144735,
P024_01,2290,0.0649817277558748,0.0014200312507067203,
P024_01,2291,0.06456640672824292,0.001518361650224897,
P024_01,2292,0.06401529865159607,0.0017550491036084582,
P024_01,2293,0.06345631899767419,0.0019352455374963388,
P024_01,2294,0.06330940289214047,0.002590811102769032,
P024_01,2295,0.06302869586649723,0.0025316550824805066,
P024_01,2296,0.06266700936471893,0.002000715607982652,
P024_01,2297,0.06250556859158074,0.0017597414091515828,
P024_01,2298,0.062042885544554165,0.0015041533889051883,
P024_01,2299,0.06150695324312735,0.0014922129743618225,
P024_01,2300,0.06096028193576717,0.001449483499149853,
P024_01,2301,0.06068520738934369,0.0012880057413723583,
P024_01,2302,0.06054865766727565,0.0014427497408339796,
P024_01,2303,0.060337432268236936,0.0014708751758800388,
P024_01,2304,0.06004049764515457,0.0014006356983565361,
P024_01,2305,0.05972528394347678,0.001270086874957339,
P024_01,2306,0.059170994542069005,0.0015705563036618221,
P024_01,2307,0.058944558529558065,0.0018078188409610197,
P024_01,2308,0.05861739113038281,0.001981645894812803,
P024_01,2309,0.05834299092465006,0.001940773022666708,
P024_01,2310,0.058225104892785845,0.0018316201718455607,
P024_01,2311,0.058084208485327825,0.002085539986791873,
P024_01,2312,0.05799809176104818,0.002607961778612179,
P024_01,2313,0.05790206145283682,0.002814861126907946,
P024_01,2314,0.0577854270896609,0.0026315614639217826,
P024_01,2315,0.05777592052815705,0.0026066597528945153,
P024_01,2316,0.05766084371351845,0.0021201573711625336,
P024_01,2317,0.05769768377077577,0.002049966121543838,
P024_01,2318,0.057740444478002494,0.002559178273397349,
P024_01,2319,0.05787259347673677,0.002706992665070899,
P024_01,2320,0.05819579454765803,0.002100465680922474,
P024_01,2321,0.05823001037833778,0.002038542692044839,
P024_01,2322,0.058145059897921854,0.002276402204456148,
P024_01,2323,0.05786856180607252,0.002514274088060117,
P024_01,2324,0.05737843390573347,0.002639834580446191,
P024_01,2325,0.05722822471481598,0.002865875939383525,
P024_01,2326,0.05722391274130837,0.0028778630536807253,
P024_01,2327,0.05710245668289445,0.002928971817298756,
P024_01,2328,0.05691663615406442,0.001904724730674798,
P024_01,2329,0.056751135724431585,0.0017297588718811648,
P024_01,2330,0.0566114790896333,0.0015232088262131258,
P024_01,2331,0.056531559700307155,0.0018560611723598393,
P024_01,2332,0.05645600461316728,0.002689139050392202,
P024_01,2333,0.05617048581933857,0.00291127796038426,
P024_01,2334,0.05586322243831085,0.002539811736978162,
P024_01,2335,0.055723717802849994,0.0025405774789841688,
P024_01,2336,0.05559021262734656,0.0020866500856683034,
P024_01,2337,0.05516064782666477,0.002057825392136478,
P024_01,2338,0.05456030213824628,0.002106248236283424,
P024_01,2339,0.05399707261048107,0.002805571394890673,
P024_01,2340,0.0538652643208613,0.0028811865015142633,
P024_01,2341,0.05377816916346872,0.002934209554267043,
P024_01,2342,0.053603817491872034,0.002883818832099189,
P024_01,2343,0.05358720539013617,0.0025018290207753056,
P024_01,2344,0.05341722529654139,0.0025839129369164856,
P024_01,2345,0.053278712747562844,0.0036318769995875057,
P024_01,2346,0.053529004354719974,0.0034751043709166035,
P024_01,2347,0.05405957562064209,0.0034121403174988177,
P024_01,2348,0.05375983656243774,0.003521434636383119,
P024_01,2349,0.052783802142362383,0.0035751019287901787,
P024_01,2350,0.05249654449342874,0.0032584498489988873,
P024_01,2351,0.05189823067041363,0.003041685824660248,
P024_01,2352,0.05196980749538783,0.0027152553252418814,
P024_01,2353,0.05292004608108561,0.0037579872000879622,
P024_01,2354,0.0532941318456668,0.004098806896152554,
P024_01,2355,0.05334135663282421,0.0036438228697323583,
P024_01,2356,0.05294756580982233,0.0036294467687679167,
P024_01,2357,0.052192185938895706,0.003117277343891543,
P024_01,2358,0.052165765048907964,0.00284291561478413,
P024_01,2359,0.051973160753172355,0.003194729789597707,
